0,さわす,1
0,トリュフォー,1
0,伏流,1
0,寝息,2
0,ちやほや,1
0,名勝,1
0,宏樹,1
0,集まれる,2
0,取りあえず,2
0,一輪,1
0,地物,1
0,しずむ,1
0,硬水,1
0,神代,1
0,小宮,1
0,送配,2
0,同君,1
0,宿敵,1
0,梶原,1
0,しゃあない,1
0,途轍,1
0,配れる,1
0,甘口,2
0,土用,1
0,厚手,1
0,したら,1
0,修吾,1
0,てんぷら,1
0,バリトン,1
0,氷枕,1
0,志村,1
0,紙屋,1
0,レコードプレーヤー,1
0,桜彩,1
0,ズームレンズ,1
0,ぱくぱく,1
0,万葉集,1
0,更かす,3
0,老若,1
0,貴社,1
0,目まい,1
0,顕微鏡,1
0,荻,1
0,滋養,1
0,美酒,1
0,目立て,1
0,小幡,1
0,みすかす,1
0,葵,2
0,ハイウェイ,1
0,伸治,1
0,呼び捨て,2
0,万里,2
0,こしょう,2
0,べらぼう,1
0,キャノン,1
0,飫肥,1
0,入り浸る,1
0,舞い降りる,1
0,ズボン,3
0,精機,3
0,たちどころに,1
0,野市,2
0,乳がん,1
0,好い,1
0,細川,2
0,執心,4
0,忙殺,1
0,しらむ,1
0,怪我,2
0,しょぼしょぼ,1
0,しらす,3
0,とろ火,1
0,原木,4
0,人知れず,2
0,しるし,1
0,おめおめ,1
0,同性愛,1
0,れっきとした,1
0,マキコ,1
0,肩入れ,1
0,石膏,4
0,蟻,1
0,すごす,1
0,あす,2
0,右左,1
0,塩原,1
0,たどりつける,2
0,しんと,1
0,すごみ,1
0,征矢,3
0,防塵,1
0,隆之,1
0,蒸発,1
0,ごたごた,1
0,美女と野獣,1
0,北アルプス,1
0,夢心地,1
0,別離,1
0,命中,1
0,がり,1
0,バロック,1
0,きよ,2
0,きわ,1
0,木谷,1
0,隆信,1
0,ユニオン,1
0,ぐる,2
0,自任,1
0,湯河原,5
0,けら,1
0,便所,1
0,都築,2
0,開発元,1
0,汗水,1
0,いんする,1
0,裨益,1
0,ざら,3
0,張り込む,1
0,プロヴァンス,2
0,しぼ,1
0,闘える,1
0,聡美,1
0,はぐらかす,1
0,用宗,1
0,豪語,1
0,明日香,1
0,議,1
0,スラバヤ,1
0,群雄,1
0,塁審,2
0,そり,1
0,煮付け,1
0,屈強,1
0,射止める,1
0,義隆,2
0,防寒,1
0,フェノール,1
0,福原,1
0,だて,1
0,愚連隊,1
0,ゼブラ,1
0,マルチユース,1
0,留守番,1
0,運悪く,1
0,クリントン,1
0,寝苦しい,1
0,つぶ,7
0,つゆ,1
0,江戸堀,2
0,なんなんとする,1
0,響かせる,2
0,浅利,3
0,ミック,1
0,口数,1
0,鶴田,5
0,すべる,1
0,必用,1
0,ひじ,1
0,ひだ,1
0,ラクロス,1
0,同情,1
0,びき,1
0,ひん,1
0,晴れ間,1
0,回覧,1
0,住まわせる,1
0,マッシュルーム,1
0,すみれ,1
0,ふろ,1
0,甲州,1
0,山嵐,1
0,歓送,2
0,ふさぎ込む,1
0,へや,1
0,呻吟,1
0,すかすか,2
0,印刷所,3
0,挿話,1
0,あきあきする,1
0,モダニズム,2
0,人さし指,1
0,遷都,1
0,辛,3
0,秘事,3
0,防御,1
0,みつ,1
0,マーチ,1
0,彩色,1
0,山幸,1
0,両生類,1
0,もみ,1
0,江戸家,1
0,りえ,3
0,瀬戸際,1
0,スパムメール,1
0,長短,1
0,裕美,2
0,わあ,1
0,わざ,2
0,選り抜き,1
0,コンコース,1
0,写し,1
0,お得意さん,1
0,ベストショット,4
0,ナイトクラブ,1
0,得がたい,1
0,まぎる,1
0,鉢,1
0,ぼろい,1
0,南端,1
0,外神田,1
0,じょうご,1
0,リーバイス,2
0,シャンパン,1
0,千絵,1
0,せつに,2
0,縁側,2
0,同数,1
0,ソネット,1
0,京谷,3
0,名文,1
0,掛け値,1
0,養護,2
0,護る,1
0,北寄貝,1
0,混ぜ合う,1
0,準々,1
0,アザ,1
0,くるまる,1
0,奪い取る,1
0,寝付く,1
0,隣国,1
0,イネ,1
0,糸状,1
0,豊頃,4
0,引き抜き,1
0,津軽海峡,1
0,補色,1
0,ウン,1
0,エラ,1
0,カッ,14
0,推して知るべし,1
0,チューリヒ,1
0,戻り,1
0,掃き出す,1
0,刺し身,1
0,インターチェンジ,1
0,陸海空,1
0,スムース,1
0,駐輪場,1
0,追いまくる,1
0,陳,2
0,ゲル,1
0,比べ物,1
0,ゲン,1
0,干ばつ,2
0,弾き語り,1
0,麻帆,1
0,ゴロ,1
0,雇,1
0,ウィスキー,1
0,シド,2
0,泰明,1
0,陰影,1
0,霜,4
0,城田,1
0,火種,1
0,法楽,1
0,流山,1
0,セツ,1
0,思いあたる,1
0,ソバ,1
0,フクロウ,5
0,香織,1
0,鉢巻,1
0,タガ,1
0,蘇峰,1
0,仲裁,2
0,ダダ,3
0,摂理,2
0,クライストチャーチ,1
0,安芸,1
0,知多半島,1
0,焼成,1
0,弱酸,2
0,ナンバーズ,1
0,レベッカ,1
0,もたれる,1
0,ツヤ,2
0,ヅル,1
0,民芸,2
0,詰問,1
0,石ノ森,1
0,口火,1
0,デブ,1
0,飲,1
0,養,2
0,恐れ多い,1
0,臨席,1
0,ニセ,2
0,黒川,1
0,芋づる,1
0,ニラ,1
0,神木,1
0,温もり,1
0,レーガン,1
0,駕,1
0,みつば,1
0,まもる,1
0,重版,1
0,パテ,3
0,終演,1
0,ヒキ,1
0,落雁,2
0,メンマ,1
0,大介,1
0,凡そ,1
0,飯間,1
0,ピロ,1
0,フン,1
0,探訪,1
0,テーブルクロス,2
0,東京歯科大,1
0,テレコム,1
0,陸前高田,1
0,和幸,2
0,マキ,1
0,ボラ,1
0,仕込,1
0,雑報,1
0,鮭,1
0,地質,1
0,静岡大学,1
0,通せんぼ,1
0,怪盗,1
0,かみしめる,1
0,モヤシ,1
0,間抜け,1
0,鱒,1
0,計数,1
0,外務,2
0,併給,1
0,秀幸,2
0,つくし野,1
0,沢田,1
0,ラジ,2
0,ラメ,2
0,夜勤,1
0,たかい,1
0,ルミ,1
0,日めくり,1
0,組版,2
0,ヨークベニマル,2
0,最高裁判所,1
0,凹む,1
0,松長,1
0,生き馬,1
0,紀章,1
0,舞い戻る,1
0,レントゲン,1
0,金貸し,1
0,倒せる,1
0,藤枝,1
0,神殿,2
0,郁雄,1
0,ダンナ,1
0,秋庭,2
0,盛り込める,1
0,もりあがる,1
0,ひと時,1
0,藩札,1
0,慶兆,1
0,俊男,1
0,新二,1
0,転写,9
0,ジメジメ,1
0,鵜呑み,1
0,抉る,1
0,雨天,1
0,混交,1
0,ガンズ・アンド・ローゼズ,1
0,ヨレヨレ,1
0,張り子,1
0,贈賄,1
0,派する,1
0,たたき,2
0,霞ヶ浦,2
0,インストラクション,2
0,小競り合い,1
0,どやどや,1
0,出来心,1
0,調合,1
0,バンパー,1
0,裏道,1
0,黒星,1
0,装釘,1
0,カントリー,2
0,目玉焼き,1
0,硬質,1
0,後退,3
0,横滑り,2
0,半谷,1
0,力ずく,1
0,見せ物,1
0,見積,2
0,人馬,1
0,なづける,1
0,パラノイア,3
0,もぐる,1
0,垂れ流し,1
0,防犯,1
0,やるせない,1
0,芳伸,1
0,女中,1
0,絵の具,2
0,昭二郎,1
0,ジャカード,1
0,錠剤,1
0,すさまじさ,1
0,キロワット,2
0,宮西,1
0,社用,1
0,便箋,1
0,裸足,3
0,自販機,1
0,インチキ,1
0,受精,1
0,売店,4
0,もれなく,2
0,転回,1
0,三々五々,1
0,新司,1
0,継ぎ足す,2
0,到る,1
0,受給,1
0,インカレ,1
0,餓鬼,1
0,和枝,1
0,やきもき,1
0,肌荒れ,2
0,誘い出す,1
0,鉱業,1
0,しおれる,1
0,岩沼,1
0,酒豪,1
0,たるむ,1
0,うずめる,1
0,多孔,1
0,めいめい,1
0,浩明,1
0,アサイ,1
0,非凡,1
0,たんぽ,1
0,青ネギ,1
0,黄泉,3
0,子音,1
0,センチメンタリズム,1
0,つり上げる,1
0,皆々様,1
0,利き手,1
0,尚美,1
0,悪酔い,1
0,地頭,2
0,苗代,2
0,暗がり,1
0,纏める,1
0,台紙,1
0,鬱屈,1
0,テープレコーダー,1
0,ベーリング海,1
0,四方山話,1
0,そむける,1
0,微量,1
0,素粒子,1
0,真紀子,1
0,ふんぞり返る,1
0,美味しんぼ,1
0,アレンジメント,6
0,自浄,1
0,エメラルド,1
0,オールドファッション,1
0,摩耗,1
0,無痛,3
0,わらび座,1
0,金脈,1
0,申し立て,1
0,夢幻,5
0,お年玉,1
0,やくざ,1
0,ものぐさ,1
0,地ビール,3
0,日南,2
0,沸き立つ,1
0,口伝え,1
0,解せる,1
0,エゴイスト,2
0,離散,1
0,見せかけ,1
0,眞規子,1
0,鷹觜,2
0,括る,2
0,慣性,1
0,こつぜん,1
0,油脂,1
0,酪農,1
0,裸一貫,2
0,水量,1
0,徳間,1
0,やんわり,2
0,ブッシュ,1
0,教書,1
0,煉瓦,1
0,キロワット時,1
0,潤い,2
0,アリス,1
0,粉飾,1
0,ちょん,1
0,桐谷,1
0,失意,1
0,僧房,1
0,どっこい,1
0,同胞,1
0,巨体,1
0,北津軽,1
0,寄生虫,2
0,見覚え,1
0,ブランデー,1
0,試験管,1
0,アンネ,1
0,飲食料品,1
0,カタストロフィー,1
0,持ち回り,1
0,龍崎,16
0,綾町,1
0,喜八,2
0,八卦,1
0,膀胱,2
0,増産,1
0,脅迫,2
0,静寂,1
0,二葉亭四迷,1
0,どっさり,1
0,乱す,1
0,千客万来,4
0,パレスチナ,1
0,つかす,1
0,箸休め,1
0,怠け者,1
0,旧姓,1
0,脳震とう,4
0,あいす,1
0,入営,1
0,グングン,1
0,大敵,1
0,足袋,5
0,ショウガ,1
0,ヤングシネマ,1
0,静ひつ,1
0,買い置き,1
0,生花,4
0,連れ合い,1
0,工務,1
0,オフセット,1
0,鳴き,1
0,奇才,1
0,秋物,1
0,鳴り,1
0,ラッコ,1
0,ペンション,1
0,温室,1
0,ちょろぎ,1
0,スリラー,1
0,見すえる,1
0,気疲れ,1
0,大村,3
0,あたう,1
0,決選,1
0,リオン,1
0,しょっぱな,1
0,真新しい,1
0,鼻歌,1
0,ラッパ,1
0,岩手めんこいテレビ,2
0,調書,1
0,塊茎,1
0,たくわえる,1
0,イラク,1
0,チョウチョ,1
0,マチ子,2
0,スルスル,1
0,特報,1
0,菜種油,2
0,涼し気,1
0,アイダホ,1
0,目抜き通り,1
0,喜久子,2
0,つまされる,1
0,ばら肉,1
0,恋い焦がれる,3
0,秩父,1
0,板挟み,1
0,インコ,1
0,ウコン,1
0,大槇,3
0,白山,1
0,あとづける,2
0,受身,1
0,磯部,1
0,ナイジェリア,1
0,樺太,1
0,つぼみ,1
0,リット,1
0,平方キロ,1
0,あばら骨,1
0,織機,1
0,蓄音機,2
0,継ぎ手,1
0,駅頭,1
0,施政,1
0,微笑ましい,1
0,女手,1
0,救い出す,1
0,租界,1
0,ゆらぐ,1
0,細身,1
0,湧き水,1
0,陰翳,1
0,お座,1
0,新村,1
0,シュガー,1
0,シチュー,6
0,安楽椅子,1
0,色あい,1
0,つみれ,1
0,相対性理論,1
0,こまねく,1
0,新体操,1
0,共学,3
0,天水,1
0,よくも,1
0,つるす,1
0,異義,1
0,ありゃ,1
0,あるく,1
0,分け目,1
0,さいたま,1
0,もくもくと,2
0,プロセッサ,1
0,麦芽,1
0,台車,1
0,弾み,1
0,汲み取れる,1
0,善光寺,1
0,社説,2
0,あんに,1
0,あんこ,2
0,ビーフカレー,1
0,座標軸,1
0,物真似,1
0,慶太郎,1
0,詐称,1
0,和紘,1
0,全店,1
0,へろへろ,1
0,熱病,1
0,パラグラフ,1
0,啄木,1
0,ティラミス,1
0,はんぺん,1
0,ウオーター,2
0,昭子,3
0,わかれる,1
0,票読み,1
0,淡泊,1
0,嫁入り,1
0,乾坤一擲,1
0,慈しむ,1
0,タマネギ,2
0,屋台骨,2
0,もどせる,1
0,オムロン,1
0,荘厳,1
0,聞き耳,1
0,当り,1
0,レオン,5
0,リヨン,1
0,椎茸,16
0,再審,1
0,書類作成,1
0,いなむ,1
0,コシヒカリ,1
0,生活協同組合,1
0,一本釣り,1
0,詞章,5
0,乗り降り,2
0,雅章,1
0,食あたり,1
0,分与,1
0,濡れ,1
0,いなす,1
0,常吉,2
0,コショウ,1
0,童子,1
0,リーダ,1
0,いぶす,1
0,健脚,1
0,振り袖,3
0,商機,3
0,修造,1
0,荒地,1
0,投与,2
0,草場,1
0,ウール,1
0,着込む,1
0,モータリゼーション,1
0,破く,1
0,山の幸,2
0,切り込める,1
0,こぼれ落ちる,1
0,はんすう,1
0,水もの,1
0,祝賀,1
0,荷台,1
0,生ガキ,1
0,エッチ,1
0,祥伝社,1
0,掛り,1
0,憎しみ,1
0,西那須野,1
0,霊的,1
0,まとえる,1
0,そういや,1
0,餌付け,1
0,万一,5
0,花文字,8
0,三拍子,1
0,等化,1
0,所存,1
0,麻衣,1
0,首飾り,1
0,英昭,1
0,伊勢物語,1
0,ドーハ,1
0,鈍重,2
0,魔物,4
0,いわれ,1
0,巧拙,1
0,常套,2
0,ナメコ,1
0,かけっこ,1
0,ロッド,1
0,慧眼,1
0,直子,2
0,試聴,2
0,食道楽,1
0,カワセミ,1
0,典文,1
0,六月,1
0,生き別れ,1
0,オウム,1
0,ホークス,3
0,高学歴,1
0,どこら,1
0,異議,2
0,大ノリ,1
0,智子,2
0,うねる,1
0,ナイター,1
0,出土,1
0,海草,1
0,振舞い,1
0,キクラゲ,1
0,さばける,1
0,波間,1
0,吐露,1
0,フルーティー,2
0,お構い,1
0,同音,1
0,発泡,2
0,幾ばく,1
0,天秤,1
0,相席,1
0,泡立つ,1
0,帯広,1
0,もめ事,1
0,男所帯,1
0,ネイチャー,2
0,日和見,1
0,コックス,1
0,もてあます,1
0,御曹司,1
0,粘り,1
0,増資,1
0,笹子,1
0,憎める,1
0,ワサビ,2
0,ひっ迫,1
0,運び出す,1
0,置きざり,1
0,平城,1
0,プロミス,5
0,いそしむ,2
0,隠語,1
0,敗色,1
0,難色,1
0,カゴメ,2
0,平塚,2
0,ちゃきちゃき,1
0,カジカ,1
0,久下,1
0,前兆,1
0,いためる,1
0,あしからず,1
0,昌浩,2
0,中公,1
0,量子力学,2
0,フリードリヒ,1
0,旧版,2
0,前列,1
0,神霊,1
0,天長節,1
0,ウォーホル,1
0,幹夫,1
0,絵巻物,4
0,塩焼き,1
0,麻酔,2
0,いたずら書き,1
0,出世魚,1
0,創世,1
0,ガエル,1
0,押し出し,1
0,植野,1
0,ホステス,1
0,溶けだす,1
0,政行,1
0,得難い,1
0,北國新聞社,1
0,短パン,1
0,別売,1
0,湯気,1
0,湯水,2
0,玄人,1
0,口触り,1
0,読みとる,2
0,日生,1
0,内沼,7
0,成氏,1
0,スマッシュ,2
0,にしん,1
0,カーネギー,2
0,仲間外れ,1
0,詰襟,1
0,バイオリニスト,1
0,ハイチ,1
0,久能山,2
0,フラワー,5
0,断続,1
0,列島,1
0,談義,1
0,格納庫,1
0,電磁気,1
0,青竹,1
0,遺体,1
0,啓一郎,1
0,粉骨砕身,1
0,カラシ,4
0,乾,12
0,サンタンデール銀行,1
0,東海テレビ放送,1
0,冷ます,1
0,享,1
0,更地,1
0,退廃,1
0,つり合う,2
0,れんが,1
0,メロディ,1
0,なかよい,1
0,三日坊主,1
0,競歩,1
0,種菌,1
0,ハサミ,1
0,終始一貫,1
0,おかけ,1
0,カルビ,1
0,遡及,2
0,ぬかる,1
0,頭打,1
0,クーパー,2
0,冨沢,1
0,脈々,1
0,タンクローリー,1
0,遺児,1
0,白眉,1
0,丑の日,1
0,代々木上原,1
0,幼弱,1
0,スクラム,1
0,カルテル,1
0,おねがい,1
0,モルタル,1
0,文藝,1
0,用宗港,1
0,乗員,1
0,好都合,1
0,近来,1
0,無愛想,1
0,謝礼,1
0,冴,1
0,万引,1
0,凧,24
0,凶,1
0,切,1
0,落人,1
0,刑,1
0,昨年来,1
0,能楽堂,2
0,置換,2
0,くずかご,1
0,メモ用紙,1
0,おでこ,1
0,刷,1
0,発禁,2
0,マイヤーズ,1
0,三つどもえ,1
0,夜行,1
0,悔し涙,1
0,はさめる,1
0,敗走,1
0,ファイト,1
0,川畑,1
0,わさび,1
0,かがむ,1
0,初戦,1
0,田植え,1
0,タックル,1
0,真木,1
0,白無垢,1
0,誤訳,3
0,そこはかとない,1
0,珍事,1
0,次官,1
0,手仕事,1
0,先約,1
0,慰める,1
0,割れ目,2
0,ファイア,1
0,ヵ条,1
0,最少,1
0,花言葉,1
0,道子,1
0,シヤチハタ,4
0,でなければ,1
0,受話器,1
0,愛之助,1
0,立ち会い,1
0,敗退,1
0,華やぐ,1
0,好美,1
0,見つけだす,2
0,トポロジー,1
0,廃屋,1
0,壁際,1
0,翔子,2
0,紳士録,1
0,死刑,2
0,文語,2
0,始発,1
0,嘉,1
0,老け込む,1
0,風姿,1
0,冷然,1
0,ぬるり,1
0,身辺,1
0,ふところ,1
0,弟分,1
0,かとう,1
0,真樹,1
0,勝之,1
0,在,2
0,ブツブツ,2
0,ギプス,1
0,二重化,4
0,坦,1
0,常滑,9
0,桁外れ,1
0,国体,1
0,堰,2
0,重し,1
0,重ね,1
0,パッチ,1
0,漁村,1
0,パセリ,2
0,東出,1
0,さきがけ,1
0,ちぎれる,1
0,コーチャー,1
0,研二,1
0,談論,1
0,係る,2
0,巾着,1
0,エアポート,2
0,滝沢,1
0,七月,1
0,かもめ,1
0,京助,1
0,流麗,1
0,システムエンジニア,1
0,叩き,1
0,本学,1
0,築山,1
0,姜,1
0,外遊,1
0,メタボリズム,2
0,巣箱,1
0,練馬,1
0,改題,1
0,弁天,2
0,ハレー彗星,1
0,波瀾万丈,1
0,ぎすぎす,1
0,はおる,1
0,悪しからず,1
0,珍品,1
0,愛顧,1
0,加奈,1
0,仰せつかる,1
0,からす,1
0,豊川,1
0,貴兄,3
0,割当,1
0,なにとぞ,1
0,真っ白い,1
0,関東甲信越,1
0,リズミカル,1
0,司法省,1
0,すすける,1
0,きこう,1
0,きける,1
0,離れ離れ,1
0,魚谷,3
0,打球,1
0,切り詰める,1
0,王座,1
0,暖炉,1
0,深大寺,1
0,大時代,1
0,食わせる,1
0,恨み,3
0,富山駅前,1
0,静観,2
0,フラグメンテーション,1
0,セーター,1
0,はては,1
0,失せる,1
0,オリオン,2
0,歯学,1
0,赤褐色,1
0,生き抜ける,1
0,スクープ,6
0,賑やかす,1
0,万歳,1
0,仕舞い,1
0,パンデ,1
0,出逢う,1
0,割拠,1
0,御殿場,3
0,罪ほろぼし,1
0,内分泌,2
0,生き,3
0,縁結び,1
0,生す,1
0,類比,1
0,弘子,1
0,ハーバード大,1
0,コンパクトカメラ,1
0,理加,1
0,魔道,1
0,大づかみ,8
0,心ならずも,1
0,原子核,1
0,ぎこち,1
0,給う,1
0,書架,1
0,助動詞,1
0,休める,1
0,ぎごち,1
0,速水,1
0,砂場,1
0,聴力,1
0,置物,1
0,戦績,1
0,外面,1
0,米作,1
0,道東,1
0,グレる,1
0,音符,3
0,きもの,2
0,いがみあう,1
0,人夫,1
0,谷村,1
0,若衆,1
0,潜り込む,1
0,朝方,1
0,金田一,1
0,劣悪,1
0,クシャクシャ,1
0,潮干狩り,1
0,どことなく,2
0,さされる,1
0,影向,1
0,独りごつ,1
0,拾,1
0,敵同士,1
0,トナカイ,4
0,吾が,1
0,清酒,1
0,朝来,1
0,ＡＤ,1
0,ゲートボール,1
0,貫き通す,1
0,手間取る,1
0,平田,2
0,歌曲,2
0,徳井,1
0,タンチョウ,1
0,減速,1
0,選書,1
0,技研,1
0,南下,2
0,遺書,1
0,幸男,2
0,裕司,1
0,母堂,2
0,有毒,1
0,旭,1
0,遊泳,1
0,八ケ岳,1
0,洗い,1
0,ナカムラ,2
0,穀類,1
0,飛び道具,1
0,職域,1
0,野ばら,1
0,南仏,1
0,地滑り,1
0,後味,1
0,完備,2
0,好適,1
0,横議,1
0,林子,1
0,行文,1
0,特記,1
0,背丈,1
0,パチパチ,1
0,彩夏,1
0,コソボ,1
0,美津子,1
0,杵,6
0,半円,1
0,互換,1
0,コスモ,1
0,固形,1
0,十勝,3
0,放物線,1
0,こんばんは,1
0,なだれこむ,1
0,ヒッチハイク,1
0,長井,1
0,微分,1
0,タンポポ,3
0,冷茶,1
0,ひきつける,1
0,美的,1
0,押さえ込む,1
0,波乗り,1
0,由紀夫,1
0,ポインター,5
0,配備,2
0,植,1
0,けがす,1
0,家主,1
0,はいずる,1
0,土岐,6
0,国情,1
0,立論,1
0,気力,1
0,けがれ,1
0,トレーン,1
0,我見,1
0,ほとほと,1
0,気勢,1
0,くらす,1
0,関西電力,1
0,気化,1
0,強打,1
0,より子,1
0,とぎれる,1
0,きゅうり,3
0,作りかえる,1
0,勅撰,1
0,朝飯前,1
0,行楽,1
0,ハミング,1
0,ヤマタネ,3
0,補填,1
0,乗り捨てる,1
0,テストパイロット,1
0,伊奈,2
0,揚げたて,1
0,和える,2
0,落武者,1
0,群盲,1
0,かかわれる,1
0,北尾,1
0,家元,1
0,バドミントン,1
0,レイキャビク,1
0,ひゃー,1
0,ごちそうさま,1
0,プーケット,1
0,背反,1
0,出入国,1
0,第一生命保険,1
0,那須野,1
0,別種,1
0,朝日出版社,1
0,けだす,1
0,打ち付ける,1
0,安土,1
0,交替,1
0,両目,1
0,一章,1
0,至り,1
0,書生,1
0,赤丸,2
0,全量,2
0,澄み切る,2
0,邦楽,2
0,プレイベント,1
0,居丈高,1
0,ひらめ,2
0,シシャモ,2
0,ポンピング,1
0,松方,1
0,音楽と人,1
0,けぶる,1
0,遊牧民,2
0,相手取る,1
0,フライデー,2
0,締り,1
0,畏れる,2
0,のぞきこむ,1
0,漁網,1
0,福井駅前,1
0,額縁,1
0,種々相,1
0,お隣,2
0,松林,1
0,直行,2
0,竹谷,1
0,シコシコ,1
0,人柱,1
0,科す,1
0,買い得,1
0,塗り物,1
0,劇団四季,2
0,インディー,1
0,長城,2
0,くりかえす,2
0,羊羹,1
0,秘か,1
0,一美,1
0,低圧,1
0,民宿,3
0,等々力,1
0,孝憲,1
0,パルテノン,1
0,浮かされる,1
0,ベストスコア,1
0,宇崎,1
0,徳富,1
0,モンペリエ,1
0,風発,1
0,カルテット,1
0,捕れる,1
0,公電,1
0,紆余,1
0,猶,1
0,併合,1
0,査察,1
0,いつの間に,1
0,撫でる,1
0,イマジン,1
0,光源氏,1
0,詰む,1
0,御徒,1
0,志太,1
0,労災,1
0,小事,1
0,食い止める,1
0,卸売,1
0,栄寿,1
0,短距離,1
0,とろける,1
0,冠たる,1
0,球根,1
0,宏幸,1
0,悪びれる,1
0,鶴居,1
0,マストドン,1
0,希釈,1
0,コトコト,1
0,アルカリ性,1
0,鶴岡,6
0,コリコリ,1
0,奈美子,1
0,両義,1
0,辱める,2
0,Ｗｅｂ,1
0,富塚,1
0,越前,1
0,宏志,1
0,まろうど,2
0,禁固刑,1
0,長島,1
0,西ドイツ,1
0,粘性,1
0,差し引く,1
0,蝉しぐれ,1
0,金井,2
0,層雲峡,1
0,涙する,1
0,参じる,1
0,耳飾り,1
0,長州,1
0,鳥瞰,1
0,口伝,1
0,ずぶ濡れ,1
0,マジックショー,1
0,セミプロ,1
0,気落ち,1
0,爬虫類,1
0,行き詰る,1
0,うらなう,1
0,シェークハンド,1
0,口写し,1
0,後景,1
0,汲み取る,1
0,裏づける,1
0,水の泡,2
0,重光,9
0,乗り遅れ,1
0,水引,1
0,鎮静,1
0,ふわり,1
0,ＪＲ九州,1
0,手織り,1
0,磨きあげる,1
0,木簡,1
0,震う,1
0,夕べ,1
0,西原,1
0,開帳,1
0,乗り出せる,1
0,シメジ,1
0,エクスタシー,1
0,泉下,1
0,究,1
0,入れ替る,1
0,信任,1
0,久能,1
0,筒,1
0,シリア,1
0,近郷,1
0,サハリン,1
0,排泄,1
0,住み込む,1
0,占拠,2
0,男子校,3
0,眼識,1
0,木綿,1
0,珠玉,1
0,スイカ,1
0,インフラストラクチャー,1
0,村社,1
0,だぶだぶ,1
0,安曇,4
0,法事,1
0,逐語,1
0,急報,1
0,ぶらり,1
0,スペード,1
0,財界,1
0,理解し合える,2
0,スリジャヤワルダナプラコッテ,1
0,不覚,1
0,後段,1
0,豪紀,1
0,飲み明かす,1
0,シンポ,1
0,闘士,1
0,不詳,1
0,類語,1
0,応接間,1
0,縮,1
0,ほやほや,1
0,徒手空拳,1
0,涼やか,1
0,南朝,1
0,小気味,1
0,南東,1
0,米津,1
0,コンバーター,3
0,Ｎ,2
0,Ｒ,1
0,香料,1
0,フロリダ,2
0,泰之,1
0,取り柄,3
0,ジャン,2
0,石神,1
0,汚れ役,1
0,牛耳る,1
1,たのしめる,1
1,ホビー,1
1,東京モーターショー,1
1,信吾,1
1,細める,1
1,中ごろ,1
1,さらり,2
1,しおる,1
1,マッキントッシュ,2
1,グレース,1
1,ドレスメーカー,1
1,ノッカー,1
1,手駒,1
1,ガブリエラ,3
1,五経,1
1,紘子,1
1,スツール,1
1,唱う,1
1,降下,1
1,前言,1
1,丸坊主,1
1,からませる,1
1,大急ぎ,1
1,会派,1
1,しずか,5
1,枯れ木,1
1,覚え書き,2
1,双対,1
1,伊澤,2
1,社協,11
1,勘三郎,1
1,管見,1
1,同和,2
1,しだす,1
1,少林寺,6
1,産卵,1
1,大和魂,1
1,スカンジナビア,1
1,悦代,2
1,ヒューストン,1
1,主計,1
1,大団円,1
1,水森,3
1,醜態,1
1,しなる,1
1,宏泰,1
1,歌い手,3
1,鳥かご,1
1,出陣,2
1,気泡,1
1,底辺,1
1,晋一郎,1
1,専従,1
1,美里,3
1,気流,1
1,専心,1
1,ウオーク,1
1,ぺろっと,1
1,葛,1
1,づきあい,1
1,きらめく,2
1,ひとしれず,1
1,のび太,1
1,禁中,1
1,頻りに,1
1,しのぶ,1
1,闘志,1
1,蓼,1
1,思慮,2
1,泰司,2
1,北町,1
1,装用,1
1,鷹揚,1
1,遠視,1
1,藪下,4
1,城下町,1
1,しぶき,1
1,見川,6
1,脱する,1
1,向学心,1
1,スイートホーム,2
1,吉祥寺,1
1,見詰める,2
1,上げ相場,2
1,蘇,1
1,貸し付ける,1
1,ジャップ,2
1,若くして,1
1,投降,1
1,情事,1
1,しゃく,1
1,セダン,1
1,しぼむ,1
1,厚木,1
1,視差,2
1,困り果てる,2
1,引き立つ,1
1,逼迫,2
1,冷凍庫,1
1,いかんせん,1
1,ドキュメンテーション,2
1,校正,1
1,マガモ,1
1,藤元,1
1,身売り,2
1,レーズン,1
1,打ち込める,1
1,絵図,1
1,志津,1
1,貧者,1
1,港南台,2
1,悪友,1
1,得用,1
1,岩倉,1
1,寝転がる,1
1,うさ,5
1,送風,1
1,ソファー,1
1,検事,1
1,ゴードン,1
1,無試験,1
1,チムニー,1
1,乱視,1
1,神国,1
1,ノートブック,1
1,ぎす,1
1,託,1
1,各市,1
1,げん,1
1,去来,1
1,お守り,3
1,しむ,1
1,シャノン,2
1,セロリ,1
1,べらんめえ,1
1,和也,2
1,譚,1
1,さかのぼれる,1
1,そっ,1
1,陣営,3
1,飲兵衛,1
1,そむ,1
1,及ぼせる,1
1,徳田,1
1,ジュリー,1
1,墓前,1
1,ブドウ糖,1
1,ソケット,1
1,券面,1
1,吉弘,1
1,学童,1
1,つねづね,1
1,つぎ,2
1,歩調,1
1,法度,1
1,江戸城,1
1,つま,1
1,両隣,1
1,官界,1
1,南町,1
1,とそ,1
1,原泉,1
1,逆鱗,1
1,右折,1
1,にし,1
1,あえない,1
1,なむ,3
1,すまん,1
1,にゃ,1
1,にる,1
1,仕分け,1
1,苫小牧,4
1,のく,1
1,立ち入り,1
1,悪夢,1
1,エボラ出血熱,1
1,茂る,1
1,信憑,1
1,おもむく,1
1,二の句,1
1,ピコピコ,1
1,ばり,1
1,増収,1
1,のみの市,1
1,思わせぶり,1
1,ミノル,1
1,雑木林,1
1,ひむ,1
1,邦訳,1
1,畑違い,2
1,浩人,2
1,祥子,3
1,きょうじん,1
1,ふみ,1
1,躯,1
1,同慶,1
1,単眼,1
1,ラビオリ,1
1,銅像,3
1,誉めちぎる,1
1,善次郎,1
1,段落,2
1,ひと頑張り,1
1,養蜂,1
1,劉邦,1
1,前項,1
1,比肩,1
1,中頃,1
1,せかす,1
1,詰め掛ける,1
1,むだ,1
1,ギラギラ,1
1,むね,1
1,迫,1
1,勅許,1
1,藩士,2
1,田彦,2
1,やけ,1
1,編入,2
1,漆黒,1
1,親政,2
1,聞き出せる,1
1,江熊,1
1,歯車,1
1,フォークソング,1
1,顔馴染み,1
1,いろどる,1
1,リレーショナル,1
1,細切り,1
1,病人,1
1,プラネタリウム,1
1,毒草,1
1,東京海上火災保険,1
1,トヨタカローラ,1
1,プードル,1
1,司書,1
1,鈍,1
1,人懐こい,1
1,鈴,1
1,過食,1
1,家督,1
1,鉾,1
1,幾太郎,1
1,真理子,1
1,大部屋,2
1,流域,1
1,雑作,1
1,薬指,1
1,じょうゆ,1
1,むしばむ,1
1,詔勅,1
1,多神教,5
1,日だまり,1
1,繰上げる,1
1,譲り,1
1,隆太,1
1,鎧,1
1,野毛,1
1,津山,1
1,恵方,2
1,決然,1
1,メコン,1
1,申しわけ,2
1,弘道,12
1,銃器,1
1,除幕,1
1,水穂,1
1,乗り入れる,1
1,イザ,1
1,印税,1
1,泊りがけ,1
1,割り付け,1
1,染色,1
1,便法,1
1,知遇,1
1,エド,1
1,印章,1
1,恐らくは,1
1,キジ,2
1,ルパート,1
1,鼓動,2
1,姉たち,1
1,ゲバ,2
1,絵空事,1
1,ゴア,2
1,砲術,1
1,陶,2
1,倉敷,1
1,飼い犬,1
1,サト,1
1,まどか,1
1,ゴー,1
1,病名,1
1,東進,1
1,悪手,1
1,シナ,1
1,みがく,1
1,シモ,1
1,攘夷,1
1,甘ったるい,1
1,セキ,1
1,セガ,1
1,海嘯,1
1,直々,1
1,角材,1
1,古漬,2
1,モスク,1
1,フロッピーディスク,1
1,シェービング,1
1,債券,1
1,バイバイ,1
1,チヤ,1
1,チューリングテスト,1
1,ツイ,1
1,陰惨,1
1,はまり役,1
1,順々,1
1,尊王,2
1,うけつぐ,1
1,トス,1
1,問い返す,1
1,ナプキン,2
1,もちかける,1
1,気色,1
1,北見,1
1,外信,1
1,膝枕,1
1,熱唱,2
1,ハク,1
1,ハシ,1
1,朽ちる,1
1,チェコ,1
1,雪印,1
1,大串,15
1,波多野,1
1,照度,1
1,読み替える,1
1,法文学部,2
1,ニュービジネス,1
1,蒸しもの,1
1,ヒジ,1
1,緑川,4
1,磯田,1
1,ヒバ,1
1,ヒモ,1
1,佑美,1
1,ローラースケート,1
1,江端,2
1,金物,1
1,蘭学,1
1,ブー,1
1,国鉄,1
1,ダニー,1
1,独り,3
1,ヘル,1
1,秀峰,1
1,ほおばる,1
1,引き止める,1
1,ホヤ,1
1,確約,1
1,かちえる,1
1,ミサ,2
1,継電器,1
1,銚子,1
1,扱ぐ,1
1,ダミー,2
1,用水,1
1,大所高所,1
1,禁断,1
1,ボルシチ,1
1,じいさん,1
1,するする,1
1,サマータイム,1
1,衣食,1
1,グラント,1
1,たえず,3
1,鹿毛,1
1,ボートピープル,1
1,モロに,1
1,浮島,2
1,下押し,1
1,とりまとめ,1
1,ロバ,1
1,維新,1
1,点眼,2
1,壮士,1
1,内田東,2
1,給湯,3
1,ホームセンター,2
1,みやる,1
1,めげる,1
1,サーディン,1
1,テレフォニカ,1
1,極太,1
1,茶わん,1
1,売り出せる,1
1,ひんぱん,1
1,祝える,1
1,ステンレス,1
1,みりん,1
1,会読,4
1,罰す,1
1,強面,1
1,目の下,1
1,やつれる,1
1,藩校,5
1,齊,1
1,付録,1
1,越前大野,1
1,国電,1
1,多面体,2
1,信玄,1
1,田舎町,1
1,椎木,1
1,孤軍,1
1,働きがい,1
1,ハチミツ,3
1,稼動,1
1,滴る,1
1,干し,2
1,大和,1
1,お陰さま,1
1,掘りおこす,1
1,インドア,1
1,ブラスバンド,1
1,度外視,1
1,舞いこむ,1
1,保留,1
1,多方向,1
1,教官,1
1,積分,2
1,病床,1
1,チョウ,1
1,訳文,1
1,チョット,1
1,数奇,1
1,宝島社,2
1,嶋中,1
1,熊手,1
1,談合,1
1,新制,1
1,二次会,1
1,父上,4
1,根菜,1
1,伊那,1
1,しょうずる,1
1,憲仁,1
1,紛糾,1
1,ウォール街,3
1,文部省,2
1,掛かれる,2
1,しかめっ面,1
1,爵位,1
1,福武,1
1,ジロジロ,1
1,熱っぽい,1
1,消息,1
1,雛形,1
1,柿谷,1
1,大塚,1
1,収縮,1
1,飾りつける,1
1,パケット,1
1,原著,1
1,アウンサンスーチー,4
1,悠然,1
1,起草,1
1,よっぱらう,1
1,霊媒,1
1,マーカー,1
1,プエルトリコ,1
1,ジョーダン,1
1,減俸,1
1,マッコウクジラ,2
1,副読本,1
1,言い出せる,2
1,禁漁,1
1,ユキオ,1
1,高明,1
1,世渡り,1
1,田畑,1
1,手提げ袋,1
1,くす玉,1
1,思いだす,1
1,アンデルセン,1
1,痛めつける,1
1,空冷,1
1,黄河,4
1,木漏れ日,1
1,座が,1
1,埋蔵,1
1,飛びだす,2
1,非力,1
1,青天井,1
1,太字,1
1,浄水,1
1,化けの皮,1
1,シラサギ,1
1,雅明,1
1,露天,1
1,宝探し,4
1,サイモン＆ガーファンクル,1
1,主治医,2
1,夜市,1
1,多年,1
1,慶子,3
1,ライプチヒ,1
1,牧丘,1
1,レーゾンデートル,1
1,オアシス,1
1,アダム,1
1,やくも,1
1,助け舟,1
1,日動,4
1,大川,1
1,ライブラリ,2
1,やおら,1
1,もろさ,1
1,大広,1
1,ケベック,3
1,腎臓,1
1,ファイサル,1
1,口舌,1
1,医院,1
1,シルビア,3
1,ヴァイオリン,1
1,港南,14
1,早口,2
1,プラズマ,5
1,侮蔑,1
1,麦畑,1
1,模写,1
1,積層,1
1,各署,1
1,謙吉,1
1,例証,1
1,軟弱,1
1,嵩山,2
1,金華,4
1,賑わい,1
1,守雄,11
1,奇岩,1
1,気長,1
1,コートダジュール,1
1,浮気,3
1,儒学,2
1,皆勤,2
1,アカガシ,1
1,カラカラ,1
1,さえぎる,1
1,黙然,1
1,理学部,2
1,アメニティ,1
1,徴集,1
1,アルト,4
1,悲喜劇,1
1,ダメ押し,1
1,精錬,1
1,目付け,1
1,喧伝,1
1,自学自習,1
1,六口島,1
1,新平,1
1,島津,1
1,再任,1
1,ニッコリ,1
1,オッサン,1
1,竜二,1
1,ついぞ,2
1,新式,1
1,ペンシルベニア,1
1,屋良,8
1,多治見,1
1,公卿,2
1,メックス,1
1,犀利,1
1,ブックス,1
1,北海道大学,1
1,明和,1
1,泣き顔,1
1,湧出,2
1,自画,1
1,家長,1
1,冷え込み,1
1,逆だつ,1
1,学齢,1
1,デビッド,1
1,ラガー,3
1,ヽ,1
1,スプリント,2
1,竹下製菓,1
1,メルシャン,1
1,力む,1
1,未登録,1
1,知れ渡る,1
1,つげる,1
1,坊ちゃん,1
1,座り込み,1
1,怒鳴りつける,1
1,大儲け,1
1,自白,3
1,奇手,1
1,既定,1
1,裏切れる,1
1,パイプライン,1
1,カンヌ国際映画祭,1
1,角膜,5
1,商社マン,1
1,どんでん返し,2
1,日本航空,2
1,薔薇,1
1,ちょっかい,1
1,ガイダンス,6
1,裂け目,1
1,鍋島,5
1,内向,2
1,クロード,1
1,腹の中,1
1,考え事,1
1,売り買い,1
1,あだな,1
1,さしあげる,1
1,硫黄,1
1,狂乱,1
1,閑静,1
1,史観,1
1,瓶詰,3
1,戒名,1
1,偽もの,1
1,史記,1
1,淀橋,1
1,売れ残る,1
1,税法,1
1,ウエス,1
1,ホロホロ,1
1,明太,1
1,あづさ,1
1,時勢,1
1,収載,1
1,フーリエ,1
1,政経学部,1
1,かっ込む,1
1,吹ける,2
1,早川,1
1,うさんい,1
1,来す,1
1,所信,2
1,向かいあう,1
1,ひれ伏す,1
1,手慣れる,1
1,イワナ,1
1,極点,2
1,克己,1
1,煙たがる,1
1,交す,1
1,克幸,1
1,悪臭,1
1,大分朝日放送,1
1,省一,1
1,古道具,1
1,有象無象,1
1,深更,1
1,たまごっち,3
1,アイガー,1
1,つむじ,1
1,健筆,1
1,覇道,1
1,公家,5
1,ウッズ,2
1,デュオ,1
1,ようし,1
1,日本電信電話,3
1,学習院大学,4
1,チェンマイ,1
1,さしつかえる,1
1,中央公論社,1
1,鉄舟,1
1,あるじ,1
1,凍傷,1
1,履行,1
1,ファイルサイズ,1
1,酒飲み,1
1,デリー,1
1,累進,1
1,凡人,1
1,処世,1
1,つんと,1
1,幌内川,1
1,よしや,1
1,片付く,1
1,振り落とす,1
1,荷主,1
1,たたずまい,1
1,カーペンターズ,2
1,腰越,1
1,いすゞ,1
1,レイプ,1
1,値踏み,1
1,親身,1
1,陥落,2
1,ウエートリフティング,1
1,割り出せる,1
1,川島,1
1,研ぐ,1
1,三井住友銀行,1
1,合目的的,1
1,今に,1
1,パンパン,1
1,真之,3
1,只野,1
1,主立つ,1
1,生れる,1
1,百戦,1
1,凡児,1
1,祥行,1
1,いだく,1
1,エイコ,1
1,かいつまむ,1
1,リンダ,1
1,依願,1
1,ウワサ,1
1,須原,1
1,威嚇,1
1,綿花,1
1,ブルーチップ,1
1,からめる,2
1,ひ弱,1
1,すぎやま,1
1,いふく,1
1,満室,1
1,戸塚,1
1,だいいち,1
1,元春,1
1,理る,1
1,青山学院,3
1,備忘録,1
1,マイクロフィルム,1
1,野間,1
1,秀美,1
1,目配せ,1
1,受電,1
1,すくすく,1
1,なだらか,1
1,冷夏,1
1,自家用,1
1,平井,3
1,丸刈り,1
1,手垢,1
1,ちらばる,1
1,外界,1
1,滋味,1
1,有難う,2
1,犬山,1
1,さらけだす,1
1,一酸化,1
1,裁き,1
1,引け目,1
1,添え書き,1
1,名付け,1
1,押し上げ,1
1,朝日広告社,1
1,分冊,1
1,召集,1
1,直売,1
1,明太子,1
1,大福帳,1
1,タイムス,1
1,宝塚歌劇団,1
1,うかる,1
1,読み込み,1
1,若木,2
1,白血病,1
1,呪術,1
1,楽天的,1
1,白内障,1
1,敬礼,1
1,左折,1
1,傍聴,1
1,ひとりでに,1
1,金魚鉢,1
1,走り幅跳び,1
1,端役,1
1,焼豚,1
1,東映動画,7
1,にらみ合う,1
1,暴動,1
1,ルーティング,1
1,揉め事,1
1,滅多,1
1,類例,1
1,慇懃無礼,1
1,初冬,2
1,晴子,6
1,繰り上げる,1
1,ひょいと,1
1,海舟,1
1,平原,1
1,あっけない,1
1,コンポーネント,1
1,憤然,1
1,高萩,1
1,帰山,1
1,セ・リーグ,1
1,墓誌,1
1,不世出,1
1,人当たり,1
1,治験,2
1,土ぼこり,1
1,督促,1
1,週休,1
1,車窓,2
1,大福,2
1,ザワザワ,2
1,ピチカート,1
1,唐木田,1
1,コットン,2
1,新田,6
1,拓三,2
1,英機,1
1,総覧,1
1,ラディッシュ,1
1,肺がん,1
1,切りぬく,1
1,天稟,1
1,プロペラ,1
1,共和党,1
1,秘蔵,1
1,需給,2
1,ひと足,1
1,ぶっつかる,1
1,日出夫,1
1,ひっこむ,1
1,爆破,2
1,党派,1
1,英気,1
1,龍男,1
1,あべこべ,1
1,のりあげる,1
1,トウモロコシ,2
1,パートタイマー,1
1,両刀,1
1,順当,1
1,自賛,1
1,大粒,1
1,ニューモデル,2
1,花瓶,1
1,順徳,1
1,紛れこむ,1
1,煮豆,1
1,魔神,1
1,飲み込み,1
1,方眼,5
1,調査局,1
1,附随,1
1,早熟,1
1,拝借,1
1,田頭,1
1,寺田倉庫,3
1,ワッツ,2
1,めくるめく,1
1,別れ話,1
1,市村,1
1,溺愛,1
1,転籍,2
1,和賀,1
1,一人物,3
1,魔窟,1
1,倍額,1
1,ニース,1
1,香る,2
1,兵法,1
1,フェザー,1
1,次兄,3
1,ホステル,1
1,島袋,1
1,グルタミン酸,1
1,掻き立てる,1
1,コテコテ,1
1,ひっきりなし,1
1,機織り,1
1,神風,1
1,製する,1
1,にくむ,1
1,エイチ・アイ・エス,3
1,前古,1
1,院長,2
1,大群,2
1,知らんぷり,1
1,年子,1
1,朝会,3
1,惹起,1
1,道具立て,1
1,投宿,1
1,むつかしい,1
1,真弓,1
1,レディーメード,1
1,巨泉,1
1,年少,1
1,ショルダー,1
1,時機,1
1,元男,1
1,玉代,4
1,マチマチ,1
1,テントウムシ,1
1,にぎわす,1
1,内海,2
1,疎遠,1
1,熱血,1
1,まるきり,1
1,除隊,1
1,出征,1
1,主原,1
1,草月,1
1,シンバル,1
1,歌人,1
1,懸かる,1
1,華北,1
1,軍艦,1
1,松竹梅,1
1,お先に,1
1,あずかる,1
1,失職,1
1,奈緒,1
1,晴れやか,1
1,ユーミン,1
1,関西国際空港,1
1,灯す,3
1,魂胆,1
1,まな板,1
1,逗子,2
1,遺作,1
1,おいら,1
1,三ツ矢,1
1,臆面,1
1,睦夫,1
1,フラフラ,1
1,不適合,1
1,平らげる,1
1,イートン,3
1,皮下脂肪,2
1,義姉,1
1,戦況,1
1,武下,2
1,上屋,1
1,もぐりこむ,1
1,取り分け,1
1,チェーンストア,2
1,開発途上国,1
1,ぬぐう,1
1,おさん,9
1,ストライク,4
1,入り込める,1
1,締め切る,1
1,龍谷大学,1
1,山麓,1
1,ファジー,1
1,耕一,1
1,量り売り,1
1,高邁,1
1,見積り,1
1,クリスマスカード,1
1,音頭取り,1
1,不立文字,1
1,喫煙,2
1,八田,1
1,上市,1
1,穂草,1
1,亀倉,1
1,透徹,1
1,三つ揃い,1
1,聖なる,1
1,藻類,2
1,女系,1
1,耕作,2
1,レディス,1
1,揚子江,1
1,凱旋,1
1,東急ハンズ,4
1,井下,1
1,ニックネーム,2
1,電磁波,1
1,シェパード,1
1,扇風機,1
1,ダイエー,6
1,直正,2
1,せせらぎ,1
1,冷淡,1
1,戦火,1
1,おばけ,1
1,兼用,1
1,嗣治,1
1,華奢,1
1,農業生物資源研究所,1
1,連弾,12
1,凶暴,1
1,厄,1
1,中居,1
1,ニッカウヰスキー,2
1,ヨーヨー,1
1,お立ち,1
1,バタッ,1
1,一戦,1
1,ガーナ,1
1,カラヤン,2
1,夢見,1
1,シェーク,1
1,哩,1
1,登れる,1
1,唇,1
1,明神,1
1,取り次ぎ,1
1,おもに,1
1,キャー,1
1,パオス,5
1,紛らわす,1
1,ルーズリーフ,3
1,稲見,1
1,久子,1
1,交信,1
1,商船,1
1,プレイバック,1
1,輝かしい,1
1,エゾマツ,1
1,眉毛,1
1,嫌われる,1
1,イスラム教,1
1,本堂,1
1,刊本,1
1,桃源郷,1
1,康平,1
1,ヒスパニック,5
1,中曽根,1
1,至高,1
1,割安,2
1,海防,1
1,慰謝,1
1,一旗,1
1,朝子,1
1,特等,1
1,ほほ笑み,1
1,不撓,1
1,烈々,1
1,適宜,1
1,春秋,1
1,談話,1
1,クジラ,1
1,杣口,3
1,横線,1
1,喪神,1
1,帝王,1
1,焼け落ちる,1
1,日当たり,1
1,古る,1
1,けっきょ,1
1,細め,1
1,美少年,6
1,美東,1
1,交叉,1
1,オルガン,2
1,姪,1
1,小中学生,1
1,とりかかる,1
1,ゆう子,1
1,真ん丸,1
1,死因,1
1,車道,1
1,末岡,1
1,孔,1
1,目白大学,1
1,度数,2
1,リハビリテーション,3
1,まっ白,1
1,掴みかかる,1
1,ウランバートル,2
1,静電気,1
1,範彦,1
1,鳥山,1
1,東京外国語大学,1
1,撥ねる,1
1,漬かる,1
1,廣済堂,1
1,義朗,1
1,こういち,1
1,今別,1
1,国史,1
1,ナンバリング,2
1,笑い話,1
1,スクールバス,1
1,地動説,1
1,地中,1
1,多賀城,2
1,両替,1
1,石灰石,6
1,嵩,1
1,喜美,1
1,ざくざく,1
1,部内,1
1,きたる,1
1,牛蒡,2
1,グッチ,1
1,サイモン,1
1,自惚れる,1
1,北上,1
1,大腸菌,1
1,巧,1
1,歌心,1
1,常用,1
1,土光,1
1,賢人,1
1,帝,3
1,石城,2
1,神通力,2
1,孝一,1
1,二季,1
1,広治,2
1,いたずらっぽい,1
1,森永乳業,2
1,デジタルデバイド,2
1,左翼,2
1,常用漢字,1
1,クルミ,1
1,シャカシャカ,2
1,大鍋,1
1,つまみ出す,1
1,一派,1
1,清貴,1
1,我田引水,2
1,松坂,4
1,徴,1
1,三河,1
1,華族,1
1,能書き,1
1,白蛇,3
1,羽根,2
1,正弘,1
1,怪,1
1,中国放送,1
1,すっぱり,1
1,恭,1
1,京都精華大学,2
1,武弘,1
1,職制,2
1,不浄,2
1,混迷,1
1,ビデオ・リサーチ,3
1,供する,1
1,はらう,1
1,語順,1
1,武志,1
1,賛助,1
1,底流,1
1,播く,1
1,大関,1
1,巨艦,1
1,帳票,1
1,須磨,1
1,真由,1
1,迷い込む,2
1,悔い,1
1,ケビン,1
1,軍靴,1
1,はったり,1
1,飯嶋,1
1,義洋,1
1,達四郎,1
1,サンヨー,1
1,抗,1
1,正憲,2
1,ヨーロピアン,1
1,日出男,1
1,フェアプレー,1
1,喫茶,1
1,講読,1
1,月森,8
1,吹き出物,1
1,ぱくる,1
1,口説き,1
1,陣取り,1
1,さしずめ,1
1,シンガーソングライター,1
1,宇一,13
1,寝かす,1
1,さがしだす,1
1,満福寺,1
1,米兵,1
1,猛獣,1
1,空転,1
1,化合,1
1,矜恃,1
1,ジャーナリスティック,1
1,朝起き,1
1,總一郎,1
1,ＡＶ,2
1,孝司,2
1,帳簿,1
1,孟司,1
1,悦び,1
1,一神教,2
1,完二,1
1,社外秘,1
1,かき鳴らす,1
1,千佳,1
1,祭る,1
1,長電話,1
1,木曽,2
1,抑留,3
1,五重の塔,2
1,習わし,1
1,息づかい,1
1,大の字,1
1,暗礁,1
1,ＪＲ,1
1,敦,1
1,選曲,1
1,英訳,1
1,亮平,2
1,ぽろぽろ,1
1,理央,1
1,ケンプ,1
1,気体,1
1,トラクター,1
1,八景島,1
1,のりかえる,1
1,公証,1
1,顕現,1
1,利率,1
1,雑種犬,1
1,林学,1
1,今尾,1
1,交感神経,2
1,弾幕,1
1,具視,1
1,ひたい,1
1,町奉行,1
1,太っちょ,1
1,酒乱,1
1,老朽,1
1,ケール,2
1,ぐずる,1
1,速球,1
1,ひずむ,1
1,投石,1
1,描出,1
1,おずおず,1
1,先遣,1
1,人後,1
1,触れ回る,1
1,正木,1
1,逗留,1
1,宮中,1
1,のぞかせる,2
1,項羽,1
1,三田,2
1,考査,1
1,東北新幹線,1
1,手ぬぐい,1
1,貫徹,1
1,梁,1
1,梱,1
1,音色,3
1,ほどこす,1
1,北大,3
1,宛先,2
1,呪う,1
1,乳業,1
1,末次,1
1,孝夫,1
1,リュックサック,1
1,コニシ,5
1,手ぬかり,1
1,流れ星,1
1,真紅,1
1,圭子,2
1,利根川,1
1,あやつる,1
1,種明かし,1
1,綿々,1
1,鳴り出す,1
1,翌々年,1
1,東急エージェンシー,2
1,義生,1
1,檜,1
1,増し,1
1,ぎょっと,2
1,菊田,1
1,檻,1
1,長兄,2
1,肌合い,1
1,やっかい,1
1,ウィンドウ,1
1,地層,1
1,心労,1
1,武,2
1,四書,1
1,他律,1
1,四月,1
1,八方破れ,1
1,ピート,2
1,ミニゲーム,1
1,持ち株,3
1,かいしょう,1
1,ライラック,1
1,お鍋,1
1,汐,1
1,テアトル,1
1,切り落とす,1
1,採寸,1
1,宛てる,1
1,ひめる,1
1,童謡,1
1,裕子,1
1,正気,1
1,孫子,1
1,香取,1
1,地底,1
1,浴,2
1,図星,1
1,マードック,1
1,伝奇,1
1,子弟,1
1,読み流す,1
1,メガバイト,2
1,両方向,1
1,落款,1
1,呼び水,2
1,したためる,1
1,子息,1
1,不満足,1
1,図柄,1
1,東條,1
1,ザイル,1
1,バターン,1
1,見なせる,1
1,無茶苦茶,1
1,閣僚,2
1,うっ屈,1
1,焼き芋,1
1,加湿,3
1,代打,1
1,二階堂,1
1,糖分,1
1,指物,1
1,下級,1
1,豊玉,1
1,送り込み,1
1,ふうび,1
1,通信員,1
1,復学,1
1,学徒,2
1,ワンチャンス,1
1,吊り上がる,1
1,ブラシ,1
1,むくむく,1
1,宮園,1
1,安室,1
1,手代木,2
1,ルネサンス,2
1,瞑目,1
1,差し控える,1
1,加瀬,1
1,不連続,1
1,裕志,1
1,今来,1
1,包摂,1
1,溶解,1
1,あぶなっかしい,1
1,紋次郎,1
1,当月,1
1,石段,1
1,一家言,2
1,ウォール・ストリート・ジャーナル,1
1,ツアーコンダクター,1
1,中竹,3
1,なんでも,1
1,栗城,1
1,真藤,12
1,狂,1
1,江南,1
1,かぶれる,1
1,ワコール,1
1,不治の病,1
1,ザップ,1
1,旭化成ホームズ,1
1,悠紀雄,1
1,不義,1
1,肥後,1
1,開城,1
1,不一致,1
1,御影,1
1,一興,1
1,白髪,1
1,不肖,1
1,ぴかぴか,1
1,辞退,2
1,琴,1
1,断ち切る,1
1,排斥,1
1,一良,1
1,敗ける,2
1,ペーソス,1
1,とどろく,1
1,排日,1
1,口ぶり,1
1,ブルドッグ,1
1,いやがる,1
1,いちどに,1
1,宝島,1
1,ジュリアナ,1
1,ヴィオラ,1
1,サンゴ,2
1,辛酸,1
1,仕業,1
1,もごもご,1
1,アミノ酸,1
1,半開き,1
1,永らえる,1
1,長山,1
1,インフォーメーション,1
1,野上,1
1,殿様,3
1,口もと,1
1,新日本,1
1,面持ち,2
1,節税,1
1,損壊,1
1,サーバ,3
1,ガードレール,1
1,ヴァニラ,1
1,伐採,1
1,伝手,1
1,桃園,1
1,桜美林大学,2
1,アニミズム,2
1,ラブソング,1
1,ジェン,1
1,実弟,1
1,ミッションスクール,1
1,重信,3
1,瞬,1
1,不衛生,3
1,こまる,1
1,章雄,1
1,帰途,1
1,俎上,1
1,係わる,2
1,さがる,1
1,奈美恵,1
1,なし崩し,1
1,ペキン,2
1,他流,2
1,さげる,1
1,クタクタ,1
1,寝かし付ける,1
1,ワンカップ,1
1,本筋,1
1,遠縁,1
1,ないまぜる,1
1,溶け合う,1
1,伏木,1
1,つくもがみ,1
1,アフターケア,1
1,末節,1
1,童顔,1
1,ガーラ湯沢,1
1,辛抱強い,1
1,ペダル,1
1,穀,1
1,寄り付く,1
1,賢次,1
1,飽き飽きする,1
1,さしも,1
1,立ち直れる,1
1,本籍,1
1,尋問,1
1,フロート,2
1,欠航,1
1,友喜,2
1,本紀,1
1,根岸,2
1,シャコ,1
1,河出,4
1,踏み台,1
1,名主,1
1,ぞんざい,1
1,つくだ煮,9
1,国王,1
1,籐,1
1,パントマイム,1
1,居候,1
1,水戸,1
1,不退転,2
1,年貢,1
1,向井,1
1,コレクト,1
1,横須賀,1
1,通観,1
1,鬼ケ島,3
1,源義経,1
1,図書印刷,1
1,暗部,1
1,道草,3
1,積水ハウス,1
1,しょんぼり,1
1,阪井,1
1,酸性,1
1,レオナルド,1
1,ゲラゲラ,1
1,かしこい,1
1,錬三郎,1
1,お買い得,2
1,魯山人,1
1,仔犬,3
1,朝臣,1
1,恒和,1
1,ジャイアント,3
1,生け簀,1
1,シーク,1
1,ハーレム,1
1,本職,2
1,スタブ,1
1,はけ口,1
1,ジェフリー,1
1,野坂,1
1,Ｔ,1
1,＼,1
1,戸高,1
2,メディカル,2
2,下がり,1
2,ロールプレー,1
2,ほのぼの,1
2,案じる,1
2,事績,3
2,労組,1
2,聴講生,1
2,キング・クリムゾン,1
2,画伯,2
2,サカタのタネ,1
2,高円寺,1
2,寝技,1
2,盛り合わせ,1
2,二美,1
2,梗塞,1
2,工学科,1
2,苗,1
2,正臣,3
2,局地,1
2,茅,1
2,伏魔殿,1
2,里子,2
2,ナショナルトラスト,1
2,正芳,1
2,ボニー,1
2,ビンビン,1
2,土着,1
2,借り上げ,1
2,フローリング,1
2,細密,1
2,関門海峡,1
2,田口,1
2,金山,5
2,赤旗,1
2,船乗り,1
2,落とし物,1
2,往生,1
2,薪,1
2,ポカポカ,3
2,いかんなく,1
2,蓋然,1
2,突き,1
2,金工,1
2,馬刺し,1
2,赤木,1
2,ジャッキ,1
2,河岸,1
2,古巣,1
2,ポカリスエット,1
2,同大,1
2,古希,1
2,息女,1
2,末裔,1
2,肉的,1
2,八方尾根,1
2,画商,2
2,事故死,1
2,逃げ道,1
2,叙情,1
2,バートレット,1
2,済生会,1
2,あじ,1
2,洋吉,1
2,力尽きる,1
2,綱引き,1
2,桐朋,1
2,補,1
2,他紙,1
2,俊一郎,2
2,宝塚劇場,1
2,かこ,1
2,名将,2
2,遠路,1
2,チューリング,1
2,軽工業,1
2,きぬ子,1
2,すすめ,1
2,田夫,1
2,フランキー,1
2,見回り,1
2,博物,1
2,聞きづらい,1
2,存立,1
2,バケーション,2
2,荒れ狂う,1
2,すい,1
2,しら,3
2,すね,1
2,丘陵,1
2,護,1
2,持ち腐れ,1
2,十三郎,1
2,和亮,1
2,浪花節,1
2,だこ,1
2,臼井,5
2,注射,1
2,襲来,1
2,米穀,1
2,てんてこ舞い,1
2,情味,1
2,転がり込む,1
2,つぐ,2
2,取りそろえる,1
2,てつ,1
2,澁谷,2
2,かあさん,1
2,すぼむ,1
2,なぞ,1
2,起毛,1
2,小枝,1
2,アレックス,1
2,広目屋,1
2,自制,1
2,懸る,1
2,悲報,1
2,ポーラ,2
2,はぐ,1
2,ルーキー,1
2,ごそっと,1
2,子羊,1
2,夜なべ,1
2,在職,1
2,浄化,1
2,ふす,1
2,鉄塔,1
2,合憲,1
2,本道,1
2,バインディング,1
2,突きつめる,1
2,べそ,1
2,当て字,1
2,踏み板,1
2,池澤,1
2,梅木,1
2,腕っぷし,1
2,焼失,1
2,ぼん,1
2,雄一,1
2,援用,1
2,隊商,1
2,途,1
2,揮発,1
2,北里大学,1
2,河本,3
2,郷,3
2,総員,1
2,竜太郎,1
2,強要,1
2,グラミー,2
2,脳味噌,1
2,宰相,3
2,れき,1
2,酌,1
2,フィリップス,1
2,千日谷会堂,1
2,伝書鳩,1
2,ゾッと,1
2,墓場,1
2,浜口,1
2,黒地,1
2,膨張,1
2,アグリーメント,1
2,萩野,2
2,月食,1
2,仕分ける,2
2,マルチプル,1
2,後継ぎ,2
2,加重,1
2,緑地,1
2,隆夫,1
2,秋口,1
2,あぜ道,1
2,規正,1
2,尾根,1
2,差し戻し,1
2,晒す,1
2,競る,1
2,自失,1
2,パンティー,1
2,長等,1
2,照夫,1
2,あっぱれ,1
2,ハワイアン,2
2,ウマ,1
2,能登,1
2,噛みしめる,1
2,岩岳,1
2,国賓,1
2,酒粕,1
2,冷や,1
2,同根,1
2,被覆,1
2,楽隠居,1
2,コモ,3
2,敬二,1
2,寝相,1
2,ザキ,1
2,熟れる,1
2,潮風,1
2,印籠,3
2,イージーオーダー,1
2,哺乳類,1
2,保母,1
2,春日井,1
2,凌ぐ,1
2,家紋,1
2,分割払い,1
2,ヴォルテール,1
2,溶く,1
2,聴診,1
2,外人,3
2,蔵相,1
2,がっぷり,1
2,かねてから,1
2,浦大,1
2,ドレッサー,1
2,ペギー葉山,1
2,かたわら,3
2,ひと回り,1
2,耐震,1
2,ぞうり,1
2,心肺,1
2,裏ごし,1
2,横やり,1
2,バリケード,1
2,隠居,1
2,美智子,1
2,道玄坂,1
2,くり出す,1
2,メンツ,1
2,告文,7
2,寄せつける,1
2,立ち後れる,1
2,まるい,1
2,でくわす,1
2,あつかましい,1
2,良作,1
2,小生,1
2,四隅,1
2,苦肉の策,1
2,ペレ,1
2,褐色,1
2,藍染,1
2,ジャイロ,1
2,二食,1
2,農機具,1
2,ワタナベ,2
2,抱きつく,1
2,ユミ,1
2,手広い,1
2,ラマ,2
2,ダライ,2
2,持ち駒,1
2,停戦,1
2,分解能,1
2,楽土,2
2,テレビ大分,2
2,悔やみ,1
2,修める,2
2,壮太,1
2,大前,6
2,気合い,1
2,ロードショー,1
2,炎天下,1
2,ダルマ,9
2,たかし,1
2,証憑,1
2,電器,1
2,針生,1
2,親王,1
2,がっくり,1
2,厳粛,1
2,真っ青,1
2,クロミック,1
2,調剤,1
2,防火,1
2,陥れる,1
2,悪気,1
2,申し分,1
2,ロイター通信,1
2,清之,1
2,ルポルタージュ,1
2,ほうれんそう,1
2,阿堵物,1
2,二等辺三角形,1
2,外堀,2
2,靖之,1
2,言い募る,1
2,査証,1
2,マーブル,1
2,実見,1
2,一々,1
2,尻目,2
2,よぼよぼ,1
2,薬物,2
2,蓮見,1
2,陸揚げ,1
2,和文,1
2,振る舞える,1
2,ローマ字,1
2,黒枠,2
2,下々,1
2,船底,1
2,詩情,2
2,めまい,1
2,熱弁,1
2,絶版,1
2,秘技,1
2,茹でる,1
2,出張所,1
2,なでおろす,1
2,首謀,1
2,部類,1
2,ぶらつく,1
2,いちどきに,1
2,福沢,1
2,たらす,1
2,刺し,1
2,耳鼻,1
2,あんさん,1
2,◇,1
2,見納め,1
2,増殖,3
2,安達,1
2,アオイ,6
2,紅色,1
2,好信,2
2,睨み,1
2,露地,1
2,仮面,1
2,作詩,1
2,熱戦,1
2,諭吉,1
2,破顔,1
2,鉄火,1
2,山男,2
2,軍属,1
2,和樹,1
2,徳郎,1
2,聞き入れる,1
2,おとしめる,1
2,手違い,1
2,じれったい,1
2,光三郎,1
2,誤差,1
2,高柳,7
2,縁日,1
2,雅昭,1
2,立ち姿,1
2,方図,1
2,北風,1
2,鼻息,1
2,憲司,1
2,煮汁,1
2,保太郎,2
2,諜報,1
2,洞爺,1
2,蚊帳,1
2,ギャロップ,1
2,奉天,4
2,善之,1
2,スポーティ,1
2,信ぴょう,2
2,シナトラ,1
2,シエラネバダ,1
2,切りつける,1
2,見舞,1
2,明仁,1
2,役どころ,1
2,酒量,1
2,シトロン,1
2,旧友,1
2,夜遊び,1
2,積める,1
2,鉄瓶,1
2,野草,1
2,調布,1
2,パワーダウン,1
2,話柄,1
2,お力,1
2,光司,1
2,かんばしい,1
2,ジャズバンド,1
2,興津,1
2,新富,1
2,魚屋,1
2,割に,1
2,酢酸,1
2,ぴったし,1
2,にじみでる,1
2,求道,1
2,出光興産,1
2,庫之助,1
2,皮下,2
2,伊勢湾,1
2,アラモ,1
2,海千山千,1
2,純血,1
2,またまた,1
2,割り戻す,1
2,呈示,1
2,大戸,1
2,民音,1
2,ブーイング,1
2,告示,2
2,下り坂,1
2,対語,1
2,語数,2
2,アワー,1
2,チアリーダー,1
2,宇和島,1
2,鷲掴み,1
2,芳子,1
2,由縁,1
2,炸裂,2
2,浪漫,1
2,バークレイズ,1
2,値上がり,1
2,氷点下,1
2,灰野,1
2,解約,2
2,ライヴ,6
2,ひと目,2
2,湖南,1
2,持久走,1
2,か国,1
2,ラクダ,4
2,工具,1
2,ゆくえ,1
2,江部,3
2,浅生,1
2,牙城,2
2,イット,2
2,私物,1
2,御嶽山,1
2,キャンプファイア,1
2,物知り,1
2,ってか,1
2,丸っこい,1
2,里親,7
2,軒昂,1
2,天敵,1
2,内の人,1
2,元通り,3
2,大方,1
2,つくし,1
2,モタモタ,1
2,春原,1
2,時候,1
2,忍び寄る,1
2,歪む,1
2,放射能,1
2,レーザーカラオケ,1
2,口語,2
2,輪島,3
2,半蔵門線,2
2,爆撃,1
2,車検,1
2,書き表す,1
2,盤上,1
2,甘藷,1
2,兵団,1
2,重責,1
2,ワンタッチ,6
2,渦巻,3
2,あつい,1
2,電子学園,1
2,黒砂糖,1
2,素人目,1
2,ひき肉,1
2,荒井,1
2,コンファメーション,1
2,病状,1
2,日建,1
2,トコトン,1
2,市原,6
2,おっきい,1
2,テーゼ,1
2,精魂,1
2,プリンシプル,1
2,準則,1
2,鞍山,1
2,いんぺい,1
2,あふれ,1
2,日本アイ・ビー・エム,1
2,喜多,1
2,溥儀,1
2,じゃがいも,1
2,コンポート,1
2,門前仲町,1
2,満理子,1
2,シャロン,2
2,使い物,1
2,とめどない,1
2,城門,1
2,樫尾,1
2,公定,1
2,種まき,1
2,貢ぐ,1
2,つるむ,1
2,生やす,1
2,皆川,1
2,つれる,1
2,コンチネンタル,1
2,ゆりか,1
2,取り続ける,1
2,妻子,3
2,あわわ,1
2,ユーモリスト,1
2,エスプリ,1
2,大海,1
2,あんず,6
2,主観性,1
2,マドリード,1
2,むっちり,1
2,清朝,1
2,チャーター便,1
2,隆美,1
2,ぶ厚い,1
2,いぜん,1
2,明度,1
2,いそぐ,1
2,当用漢字,1
2,爆殺,1
2,大漁,1
2,いじり,2
2,ぴたっと,1
2,ただし書き,1
2,いつく,1
2,一筋縄,2
2,参集,1
2,苦慮,1
2,読み出す,1
2,当る,2
2,生贄,1
2,ぷりぷり,1
2,棋譜,1
2,川平,1
2,又聞き,1
2,日立金属,1
2,しめくくる,1
2,小雨,1
2,ありあまる,1
2,片時,1
2,延べ数,1
2,ズームアップ,1
2,善戦,1
2,四方八方,2
2,リーフ,1
2,降り込む,1
2,代る,1
2,傍系,1
2,小額,1
2,看取,1
2,返却,1
2,甘納豆,1
2,思うつぼ,1
2,ねじ曲げる,1
2,焼夷弾,3
2,領収,8
2,出兵,1
2,詰め寄る,1
2,図抜ける,1
2,富十郎,1
2,いやす,1
2,鉄製,1
2,罵倒,1
2,多産,1
2,い服,1
2,退位,1
2,辰夫,1
2,下卑る,1
2,渋江,1
2,いたちごっこ,1
2,ムズムズ,1
2,すぼめる,1
2,絹織物,1
2,人騒がせ,1
2,さんずる,1
2,にんじん,1
2,レンタルビデオ,4
2,関西テレビ,1
2,大生,1
2,まかり通る,1
2,自閉症,1
2,小作農,1
2,番狂わせ,1
2,美佐,5
2,歯痒い,1
2,常夏,1
2,明星,1
2,嵐田,1
2,山道,2
2,やっつけ仕事,1
2,エミー,1
2,冷やかす,1
2,とつぐ,1
2,打ち砕く,1
2,丸抱え,1
2,府下,1
2,退勤,1
2,蕎麦,1
2,ころがる,1
2,取り返す,1
2,ベケット,1
2,美冬,1
2,親類,1
2,吾郎,1
2,小鹿,1
2,春日,1
2,日光浴,1
2,ひっつく,1
2,レンチ,1
2,ちぐはぐ,1
2,人事考課,2
2,暁子,1
2,縄張り,1
2,割り方,1
2,輿入れ,1
2,ウッドストック,1
2,まり子,1
2,テーラー,1
2,黙読,1
2,康人,1
2,すべからく,1
2,独り暮らし,1
2,ヴァージン,1
2,麦酒,1
2,阿佐ヶ谷,1
2,眞子,1
2,なごむ,1
2,合衆国,1
2,儀礼,2
2,真宗,1
2,直営店,1
2,ゆめゆめ,1
2,関東軍,5
2,小論文,1
2,八百万,1
2,遅らせる,1
2,迫害,1
2,真山,1
2,鬼怒沼,1
2,光熱,2
2,角館,2
2,やすやす,2
2,アイスアリーナ,1
2,吹雪,5
2,えつこ,2
2,モノマネ,1
2,バーレル,1
2,分家,1
2,耳たぶ,1
2,差止め,1
2,ブルーカラー,1
2,評語,1
2,月光,1
2,月内,1
2,曲直瀬,1
2,宇都宮大学,2
2,通夫,1
2,別姓,3
2,通夜,1
2,拓哉,1
2,入れかえる,1
2,金輪際,1
2,湯浅,2
2,新米,1
2,卑しい,1
2,深セン,1
2,オンス,1
2,除雪,1
2,公然,1
2,遠出,1
2,小麦色,1
2,酸い,1
2,一寸,1
2,丙,3
2,陰陽,1
2,達司,1
2,シンディ,1
2,荷担,1
2,ならす,3
2,そうそう,1
2,引き揚げ,1
2,パーキングメーター,1
2,奄美,6
2,湯澤,1
2,詠みこむ,1
2,ミューズ,1
2,羊かん,1
2,仕事師,1
2,幸弘,1
2,カリッ,1
2,希求,2
2,おおい,1
2,よくもまあ,1
2,黒褐色,2
2,舐める,1
2,真っ盛り,1
2,スタンドプレー,1
2,男鹿,12
2,おしい,1
2,新日本製鐵,1
2,なんば,1
2,俳優座,1
2,栄養分,1
2,自治省,2
2,身許,2
2,老兵,1
2,別役,1
2,没する,1
2,骨頂,1
2,上弦,1
2,落伍,1
2,劉,2
2,ペネトレーション,1
2,幸成,1
2,美恵,1
2,すんません,1
2,奥義,1
2,茫然,1
2,サイコロ,1
2,警視庁,2
2,びっしり,1
2,不急,1
2,和雄,1
2,かかと,1
2,有り難い,1
2,収,1
2,いじわる,1
2,垂れ下がる,1
2,旧約,1
2,鹿島アントラーズ,1
2,武力,1
2,名ばかり,1
2,考古,1
2,シナモン,2
2,一抹,1
2,かげん,1
2,ふるえる,1
2,ギンナン,2
2,唄,1
2,パウロ,1
2,ヶ条,1
2,難問題,1
2,波打つ,1
2,全紙面,1
2,ラテンアメリカ,2
2,朋子,1
2,郁也,1
2,ウーマン,1
2,パイル,3
2,大詔,1
2,前庭,11
2,オールマイティー,1
2,大リーグ,1
2,反り,1
2,煮える,2
2,真横,2
2,松代,1
2,食味,1
2,たたき台,1
2,手ざわり,1
2,剛彦,1
2,這い出す,1
2,パソナ,1
2,サミュエル,1
2,身重,1
2,混とん,1
2,春日野,1
2,不敵,1
2,こしらえる,1
2,不整,1
2,箱庭,1
2,数寄屋橋,1
2,ストッキング,1
2,全線,2
2,松元,1
2,末子,1
2,久弥,1
2,遵守,1
2,力士,2
2,人使い,1
2,積み立て,2
2,三月,1
2,殿下,1
2,三村,2
2,婿,1
2,駆り出す,1
2,論語,1
2,消防署,1
2,東名,1
2,オムライス,1
2,本山,1
2,節度,1
2,章程,1
2,ぶっとばす,2
2,メーンスタンド,1
2,かんぱ,2
2,白色,1
2,鋳造,1
2,はける,3
2,かわら,1
2,審,1
2,平民,3
2,土下座,1
2,大楽毛,1
2,音痴,1
2,レリアン,1
2,恥づ,1
2,警部補,2
2,欠損,1
2,峠,1
2,峡,1
2,峻,1
2,泊る,1
2,諧謔,1
2,ベートーベン,1
2,本場所,1
2,合せ,1
2,パルプ,1
2,賢三,1
2,大里,1
2,親孝行,1
2,減衰,1
2,痛風,1
2,あぶない,2
2,報せ,1
2,揚がる,1
2,痛飲,1
2,ジャズマン,1
2,強国,1
2,都倉,1
2,問診,1
2,巧者,1
2,内耳,5
2,時給,1
2,狼狽,1
2,勝因,2
2,霊長,1
2,夜長,1
2,忠,1
2,孫一,1
2,知子,1
2,輸血,1
2,喜一郎,1
2,すっぱい,1
2,恂,1
2,蜂蜜,2
2,プロテスト,1
2,学位,1
2,外電,1
2,成育,1
2,伊予,1
2,飾れる,1
2,被告,1
2,耕平,1
2,おしっこ,1
2,廣告社,1
2,授受,1
2,衣川,1
2,グツグツ,2
2,真田,4
2,どす黒い,1
2,アスパラ,1
2,ボッシュ,1
2,あか抜ける,1
2,トルソー,4
2,パチンコ,1
2,千万,1
2,ニクロム,1
2,望月,1
2,染め分ける,1
2,生返事,1
2,くじら,2
2,読み合わせる,1
2,掟,1
2,空車,1
2,提,2
2,件名,1
2,整髪,1
2,ピースボート,1
2,フィーバー,1
2,極まりない,1
2,Ａ５,1
2,フォア,1
2,ミニバン,2
2,摺,1
2,辞職,1
2,サンペイ,1
2,ＤＪ,2
2,宮内庁,1
2,直純,1
2,接収,6
2,荒縄,1
2,康治,1
2,王朝,1
2,寝入る,1
2,ひろめる,2
2,おさらば,1
2,イミテーション,1
2,知悉,1
2,本望,1
2,徒労,1
2,領空,2
2,ラトビア,2
2,鴨川,1
2,水入らず,2
2,六角,1
2,伸也,1
2,ラプソディ,1
2,殺し文句,1
2,立ち回る,1
2,暦,1
2,非鉄,1
2,ぞんぶん,1
2,早退,2
2,ひたる,1
2,杏,1
2,断面,1
2,ケープ,2
2,くべる,1
2,殴り込み,1
2,暗算,1
2,人影,1
2,栃,1
2,枕崎,1
2,ランナーズ,1
2,正札,1
2,謝辞,1
2,ひどく,1
2,スケルトン,1
2,相聞,1
2,穂高,1
2,令子,1
2,発進,1
2,権兵衛,1
2,宗利,1
2,新鮮味,1
2,苛酷,1
2,婚礼,1
2,即位,1
2,孔子,1
2,野次馬,1
2,櫓,1
2,志保,1
2,大島紬,14
2,死期,1
2,腹の虫,1
2,井本,1
2,変わり種,1
2,くるしい,2
2,横道,2
2,歪,1
2,インターネットバンキング,2
2,植木鉢,1
2,協和,1
2,廃物,1
2,クチナシ,1
2,井桁,3
2,サカタ,1
2,特進,1
2,門前,1
2,串田,1
2,格上げ,1
2,ワンステップ,1
2,応分,1
2,転校生,1
2,宮原,8
2,日電,1
2,ゴドー,1
2,戦々恐々,1
2,鎮まる,1
2,八丁堀,1
2,ヒヤリング,1
2,南海日日新聞社,2
2,游,1
2,後尾,1
2,不賛成,1
2,ゼラチン,1
2,周五郎,1
2,後ろ手,1
2,須藤,13
2,じわりじわり,1
2,漆,6
2,赤倉,1
2,板書,1
2,松木,1
2,閉口,1
2,賛意,2
2,官報,1
2,日食,1
2,間仕切り,1
2,現人神,1
2,ふかす,1
2,見切る,1
2,平凡社,1
2,匡彦,1
2,瑠夏,1
2,けむる,1
2,弘泰,1
2,こうご,1
2,サトウ,1
2,リモートバッチ,1
2,直角,1
2,殺せる,1
2,聖書,2
2,果断,1
2,いっこう,1
2,上智大学,2
2,美羽,1
2,後始末,1
2,勝ち越し,1
2,勝ち越す,1
2,耐火,1
2,牝,1
2,共闘,1
2,遠目,1
2,三半規管,3
2,八雲,1
2,柴山,3
2,競輪,1
2,達磨,1
2,力仕事,1
2,カンパラ,1
2,きまって,1
2,勧業,2
2,ベビーベッド,1
2,城内,1
2,やり玉,1
2,下読み,1
2,柴崎,1
2,ジャックス,1
2,友一,1
2,蔵前,2
2,過渡期,1
2,サミー,5
2,囲める,1
2,会心,1
2,市野,1
2,根負け,1
2,ミリオン,1
2,つたえる,1
2,安廣,1
2,開墾,1
2,呼び物,1
2,槍ヶ岳,1
2,下腿,1
2,手跡,1
2,くみ出す,1
2,少佐,1
2,長屋,1
2,子持ち,1
2,宏彰,1
2,定席,1
2,灰塵,1
2,義肢,10
2,勝浦,2
2,瘤,1
2,楽々,1
2,仰木,1
2,正男,1
2,癌,1
2,東京電機大学,1
2,騒乱,1
2,音速,1
2,縮れ毛,1
2,エレベータ,1
2,鳥目,1
2,定式,1
2,彫刻の森,2
2,石炭,1
2,ぶどう,1
2,東大寺,1
2,フロイド,1
2,引き延ばす,1
2,配役,1
2,正目,1
2,タンシチュー,1
2,事由,1
2,台下,1
2,春香,1
2,染料,2
2,敬う,1
2,アドホック,1
2,空回り,1
2,油井,1
2,宴席,1
2,平方キロメートル,1
2,スクラップ,1
2,アーニー,3
2,コードレス,1
2,メトロポリス,1
2,金具,1
2,門前仲,2
2,追認,1
2,体形,1
2,モグモグ,1
2,寄席,1
2,点呼,1
2,笈,1
2,刈谷,1
2,大阪毎日新聞,1
2,寝室,5
2,広角,1
2,下表,1
2,ベーコン,1
2,アーサー,1
2,地の利,1
2,裕樹,1
2,由比ケ浜,2
2,予科,1
2,勝率,2
2,従兄弟,2
2,粕,2
2,ニューマン,1
2,粥,1
2,美談,1
2,慰め,2
2,有り余る,3
2,紬,2
2,適職,1
2,宣撫,3
2,ライナー,1
2,似つく,1
2,すたれる,1
2,手不足,1
2,駅弁,1
2,世襲,1
2,下請,1
2,脊椎動物,1
2,脳天,1
2,便器,1
2,美貌,1
2,佐世保,1
2,憂い,1
2,ペリー,3
2,貧相,1
2,瑣末,1
2,巻き付ける,2
2,甘党,1
2,ｗ,1
2,甲乙,2
2,長春,2
2,寺岡,1
3,厚恩,1
3,栄枯,2
3,ズルズル,2
3,酒杯,1
3,ユナイテッド,2
3,グレート,2
3,船大工,1
3,たどたどしい,1
3,オールド,1
3,しおり,2
3,生出,1
3,遅行,1
3,吉原,3
3,心根,1
3,トスカーナ,1
3,アップルパイ,1
3,闇市,1
3,青天の霹靂,1
3,紗子,1
3,抄録,1
3,献身,1
3,武者,1
3,解任,1
3,常盤橋,1
3,せき込む,1
3,サントリーホール,1
3,舜,1
3,少将,1
3,貫禄,1
3,もぎ取る,1
3,唸る,1
3,未成年,1
3,廻船,1
3,半沢,1
3,ビクトル,1
3,苔,1
3,民法,1
3,いかれる,1
3,射幸,1
3,しなう,1
3,甘んじる,2
3,嘆願,3
3,茸,1
3,鬼無里,1
3,憤る,1
3,しなす,1
3,批難,1
3,しっぽ,1
3,リアス式海岸,1
3,たたきこむ,1
3,リターンキー,1
3,劇薬,1
3,諸々,1
3,マンチャ,1
3,取り替える,2
3,に従う,1
3,優る,1
3,物おじ,1
3,怠惰,1
3,古山,1
3,山原,2
3,きりとる,1
3,ボヤく,1
3,関東学院大学,2
3,重工,1
3,最貧,1
3,無効,1
3,藏,1
3,基底,1
3,ニューヨーカー,1
3,性愛,1
3,作業場,1
3,藻,1
3,突っ,1
3,長沼,19
3,しゃも,4
3,もたれかかる,1
3,破砕,1
3,魔法びん,2
3,ほうる,1
3,金庫,1
3,肺炎,1
3,宙乗り,1
3,一橋大,1
3,泳げる,1
3,勝ち抜き,1
3,勤続,1
3,おそろい,2
3,校歌,2
3,報奨,1
3,捲土重来,1
3,古式,1
3,安物,1
3,結子,3
3,幽霊,1
3,無遠慮,1
3,すさむ,1
3,あや,1
3,白神山地,1
3,マサミ,1
3,いし,2
3,結審,1
3,走査,1
3,あゝ,1
3,いづ,1
3,いふ,1
3,トリミング,1
3,仮称,1
3,山地,2
3,一難,2
3,製版,1
3,苛む,1
3,えみ,1
3,シネマトグラフ,3
3,襲撃,1
3,正行,1
3,逞しい,1
3,ツイード,1
3,かぁ,1
3,参政,1
3,きの,1
3,キューバ,3
3,毛穴,1
3,ぎょ,1
3,照井,1
3,恍惚,1
3,野手,1
3,泰央,1
3,見回る,1
3,利鞘,1
3,ゼット,1
3,さだめる,1
3,すだち,1
3,ルージュ,10
3,促成,1
3,寄港,1
3,謂,1
3,過重,1
3,憎まれる,1
3,リンカーン,2
3,五月雨,1
3,蜂の巣,1
3,生島,3
3,法師,1
3,ちさ,1
3,ちび,1
3,群青,1
3,秀一,1
3,釈放,2
3,粉砕,1
3,つや,1
3,てこ,1
3,キッパリ,1
3,共々,1
3,加護,1
3,原油,2
3,洗える,1
3,田尻,1
3,お布施,3
3,跳ねあがる,1
3,健児,1
3,興人,1
3,立ち入る,1
3,町家,1
3,のぶ,2
3,ねエ,1
3,弾薬,1
3,栄養失調,1
3,和光,2
3,びく,1
3,ランゲージ,1
3,町屋,1
3,貯蔵,2
3,ふき,1
3,おもろない,2
3,高井,3
3,マリア,1
3,ハネムーン,2
3,脚注,1
3,世話好き,2
3,クレシア,1
3,割り振る,1
3,双葉社,1
3,みこ,1
3,みち,1
3,邂逅,1
3,きなさる,1
3,ちょいちょい,1
3,めし,1
3,海事,1
3,行軍,1
3,帳消し,1
3,吉本興業,1
3,やぁ,1
3,ヨロシク,1
3,ミミズ,2
3,やみ,1
3,葛西,5
3,幾多郎,1
3,定礎,1
3,清清しい,1
3,よみ,1
3,河村,1
3,墓地,1
3,あつまる,1
3,りさ,2
3,オレンジページ,1
3,久雄,1
3,スライディング,1
3,鄭,1
3,カーディガン,1
3,まいこ,1
3,無常,1
3,水盤,3
3,務まる,1
3,陸士,1
3,老酒,1
3,ケロッと,1
3,見様,1
3,しめすへん,1
3,塩川,1
3,石谷,1
3,鋤,1
3,小津,2
3,攻め落とす,1
3,武野,1
3,窮する,1
3,飛ばせる,2
3,無表情,1
3,個所,1
3,精確,1
3,はりきる,1
3,深海魚,1
3,異存,1
3,高台,1
3,互選,1
3,岩清水,1
3,藤川,1
3,待ちくたびれる,1
3,腹ごしらえ,1
3,型どおり,1
3,ウジ,1
3,ガリ版,1
3,すらっと,1
3,お人好し,1
3,叫べる,2
3,肩肘,1
3,仙台平野,1
3,開票,1
3,炭火,1
3,ガスコンロ,1
3,マローニ,1
3,併発,1
3,簿記,5
3,キビ,2
3,名案,1
3,甘栗,3
3,歯応え,1
3,枢要,1
3,ゲキ,12
3,敬之,1
3,とびきり,1
3,サク,3
3,何等,1
3,隻,2
3,自信満々,1
3,自存,1
3,被さる,1
3,サメ,2
3,シコ,2
3,震,2
3,シメ,1
3,安全ピン,1
3,引き分け,1
3,消去,1
3,国軍,1
3,そーいや,1
3,不純物,1
3,短針,1
3,隅っこ,1
3,こみ上げる,1
3,クレーター,2
3,伽羅,1
3,固辞,1
3,ついでに,1
3,説ける,1
3,ちくしょう,1
3,とけ込む,1
3,椰子,2
3,サスペンション,1
3,無敗,1
3,撃沈,1
3,気取る,1
3,桝田,3
3,甲板,4
3,沿海,1
3,はにかみ屋,1
3,取り消す,1
3,佳秀,1
3,馬糧,1
3,災禍,1
3,ショルダーバッグ,1
3,ゆかしい,1
3,トイ,2
3,飴,1
3,交錯,2
3,楽勝,1
3,餡,2
3,ハッブル,1
3,海域,1
3,むかう,1
3,借方,1
3,騒然,1
3,やりあう,1
3,紫煙,1
3,画板,1
3,酒肴,1
3,そぞろ,1
3,縮刷,1
3,フェミニスト,2
3,洋文,1
3,神松,1
3,パオ,1
3,オクラホマ,1
3,前書き,2
3,望遠鏡,7
3,かかわり合う,1
3,土足,1
3,アンソロジー,1
3,形跡,1
3,ラバウル,1
3,小瓶,1
3,ヘソ,2
3,漬け込む,1
3,小田,1
3,親潮,1
3,ティーポット,1
3,ばかげる,1
3,鮎,1
3,ミツ,1
3,ムク,2
3,素っ裸,1
3,純白,1
3,ミル,1
3,鯱,1
3,スパンコール,1
3,鯵,1
3,ミワ,1
3,ペンディング,1
3,学説,1
3,飾り気,1
3,モス,2
3,西日本新聞社,1
3,給油,1
3,チタン,1
3,転任,1
3,ヤジ,1
3,伏見,1
3,ほおずき,2
3,球速,2
3,泥沼,1
3,寺社,1
3,求肥,1
3,ヨウ,1
3,甲殻,1
3,大元,1
3,ヨリ,1
3,嘗て,1
3,見番,1
3,大内,1
3,取り逃がす,1
3,哲史,1
3,ワイ,1
3,外史,1
3,ロロ,1
3,軍務,1
3,動植物,1
3,大判,2
3,端折る,1
3,週刊文春,1
3,激闘,1
3,軍医,1
3,浩幸,1
3,縮図,1
3,断交,1
3,淳也,1
3,無比,1
3,見飽きる,1
3,軍命,2
3,ヒースロー,1
3,せわしなさ,1
3,治男,1
3,向かえる,1
3,乾麺,1
3,取り締る,1
3,おととい,1
3,平が,1
3,敦士,1
3,バンキング,1
3,秀才,1
3,スノッブ,1
3,民話,1
3,大阪府立大,1
3,虚実,1
3,改廃,1
3,書込み,1
3,ひとめぼれ,1
3,極寒,1
3,礼状,1
3,トーマス,1
3,ハンブルク,1
3,右目,1
3,ぶらりと,1
3,バズーカ砲,1
3,ハワイ大学,1
3,桃栗三年柿八年,1
3,散じる,1
3,青カビ,1
3,哲夫,2
3,三菱電機,1
3,帰れる,2
3,憲之,1
3,つくろえる,1
3,瓢箪,1
3,恥じ入る,1
3,チーク,1
3,這う,2
3,ファシリティ,1
3,力こぶ,1
3,河口湖,1
3,みやすい,1
3,海戦,1
3,米野,1
3,のたうち回る,1
3,ためす,1
3,差しかかる,1
3,清冽,1
3,鬼塚,6
3,潜水艦,1
3,トーキー,1
3,疑問符,1
3,永訣,1
3,制は,1
3,倍率,1
3,京つけもの,1
3,万々歳,1
3,払しょく,1
3,恐怖症,1
3,ユカリ,2
3,マスプロダクション,1
3,ちえみ,1
3,熟練工,1
3,諸処,1
3,埋葬,1
3,美寿々,1
3,産直,1
3,挟まる,1
3,ユゴー,1
3,臣民,1
3,忘れかける,1
3,平和島,1
3,則す,1
3,要職,1
3,長足,2
3,詔書,1
3,北大西洋,1
3,引き締め,1
3,見習,1
3,岸浪,1
3,手習い,1
3,メチルアルコール,1
3,薬石,1
3,荷造り,1
3,突き飛ばす,1
3,キャバレー,1
3,諮問,1
3,紗良,1
3,ハンガー,2
3,ちっと,1
3,和歌,1
3,吹き替え,1
3,急転直下,1
3,ミケランジェロ,1
3,父君,1
3,アオムシ,1
3,昇一,1
3,もやし,2
3,健治,1
3,ファイバー,1
3,くりまわす,1
3,恨めしい,1
3,懇切,1
3,片割れ,1
3,ごりごり,1
3,転居,1
3,お手の物,1
3,昇任,1
3,山砲,5
3,敵情,1
3,一人前,1
3,吸着,1
3,ジャンパー,1
3,のけぞる,1
3,ヘルツォーク,1
3,墓碑銘,4
3,殴り合い,1
3,蓄電,1
3,悪癖,1
3,長針,1
3,ティム,1
3,相思相愛,1
3,三菱マテリアル,1
3,起訴,1
3,正せる,1
3,神祭,2
3,ザラザラ,1
3,池谷,1
3,自炊,4
3,たてつく,1
3,無防備,1
3,瓦葺,1
3,空域,1
3,留目,4
3,民需,1
3,イクラ,11
3,フィナンシャル・タイムズ,1
3,海水,1
3,芸妓,1
3,植田,1
3,苦吟,1
3,ホンマに,2
3,ニヤニヤ,1
3,竜一,1
3,本に,1
3,アンナ,1
3,要衝,1
3,奨学,1
3,一面識,1
3,くず米,1
3,高潔,1
3,尚行,1
3,虐殺,1
3,ノンストップ,1
3,澄ます,1
3,充填,2
3,兵力,1
3,放流,1
3,父子,1
3,絞める,1
3,ゆがむ,1
3,満了,1
3,ちらっと,1
3,決起,3
3,好々爺,1
3,尋ね人,1
3,ティーンエイジャー,1
3,ワンパターン,1
3,含羞,1
3,新悟,1
3,化け物,1
3,ヲ,1
3,兄妹,1
3,宝飾,2
3,喋れる,1
3,大敗,1
3,レーシングカー,1
3,正に,1
3,ボーイング,1
3,好宏,1
3,公営,6
3,内助,1
3,岩木山,1
3,紛れる,1
3,兵員,2
3,買い切る,1
3,辞世,1
3,茶人,1
3,希代,1
3,良書,1
3,あさい,1
3,割り印,1
3,無聊,1
3,なまけもの,1
3,優待,1
3,飢え,1
3,ラッチ,1
3,旭山,1
3,死す,1
3,上智大,1
3,大次郎,1
3,怒れる,1
3,トカゲ,1
3,所以,2
3,とぼける,1
3,つとに,1
3,テンプ,8
3,シネマスコープ,1
3,狂信,1
3,寝間,1
3,戦勝,1
3,温床,1
3,電流,4
3,障礙,1
3,チョウザメ,1
3,心付け,1
3,フォークリフト,1
3,水あめ,1
3,赤面,1
3,戦史,1
3,アイアン,1
3,吹き替える,1
3,あのー,1
3,著い,2
3,ドレッシング,2
3,青山学院大,1
3,光弘,1
3,母さん,1
3,各誌,1
3,内堀,1
3,盲信,1
3,ウッド,1
3,逆立ち,2
3,友里,1
3,春夫,3
3,封鎖,1
3,竹原,1
3,締めつける,1
3,色気,2
3,いかだ,1
3,あらう,1
3,ごっそり,1
3,もりもり,2
3,いかる,1
3,エキサイト,1
3,大波,1
3,早替り,1
3,糧食,1
3,智恵子,2
3,身の上,1
3,ティッシュペーパー,1
3,伊三郎,2
3,くみしやすい,1
3,ミジンコ,1
3,年々歳々,1
3,口走る,1
3,読み切る,1
3,塩蔵,1
3,ドライブイン,1
3,追いつめる,1
3,御存じ,1
3,目印,4
3,左官,1
3,立て直せる,1
3,大滝,2
3,泳ぎ方,2
3,キルギス,1
3,啓明,1
3,金科玉条,1
3,トリス,2
3,非望,1
3,小間,1
3,いぶかる,1
3,ヘディング,1
3,内山,2
3,リョウ,1
3,西向日,1
3,げた箱,1
3,撃退,1
3,差し障り,2
3,盗塁,1
3,小隊,2
3,星座,3
3,バラバラ事件,1
3,論法,2
3,パンティ,1
3,ウルフ,1
3,酸鼻,1
3,万葉仮名,1
3,ウラル,2
3,エジプト,2
3,叫び声,1
3,雑穀,1
3,難破,1
3,続行,1
3,こめかみ,1
3,言行,1
3,真冬,1
3,レパートリー,2
3,ジリジリ,1
3,清沢,2
3,浩美,1
3,平価,1
3,アイロン,3
3,裁く,1
3,いもち,1
3,逐一,1
3,川手,2
3,成蹊大学,1
3,六花亭製菓,1
3,見栄坊,1
3,空母,2
3,鎮座,1
3,凝固,1
3,よれる,1
3,便宜上,1
3,いりこ,1
3,君野,2
3,大盛り,1
3,全日,1
3,渓流,2
3,昌明,1
3,公文,1
3,下乗,1
3,投写,1
3,万代,1
3,利休,1
3,上代,1
3,掬う,1
3,真夜中,1
3,逓信,1
3,眼前,1
3,ナムコ,1
3,着メロ,1
3,刻み込む,1
3,うせる,2
3,信濃川,1
3,バーゲン,1
3,獄中,1
3,リュミエール,1
3,自衛,1
3,戦意,1
3,びしょ濡れ,1
3,不倫,1
3,力持ち,1
3,芹澤,1
3,押し切る,1
3,底値,1
3,蜜柑,2
3,裏番組,1
3,ヤクルト,1
3,肥し,1
3,苦しまぎれ,1
3,伊豆半島,1
3,漁協,2
3,振舞う,1
3,美加,3
3,熊蔵,1
3,とばく,1
3,奇異,1
3,暗夜,1
3,忙しない,1
3,曙光,1
3,ヴェルディ川崎,1
3,中也,1
3,標津,1
3,芝田,1
3,美名,1
3,ダンプカー,1
3,パジャマ,2
3,物忘れ,1
3,睾丸,1
3,雑草,5
3,片瀬,1
3,ともい,1
3,カップラーメン,1
3,こりゃー,1
3,最下,1
3,踊れる,1
3,欠乏,2
3,臀部,1
3,彰一郎,1
3,本能寺,1
3,カモミール,1
3,冷房,1
3,ブルゾン,1
3,敏英,1
3,和語,1
3,下呂,1
3,凄惨,3
3,とりこ,1
3,なかに,1
3,押印,1
3,食い意地,1
3,カシマ,1
3,承ける,1
3,粧う,1
3,満期,1
3,うろこ,1
3,持ち直す,2
3,色素,1
3,制海権,1
3,奇禍,1
3,しゃくし定規,1
3,漁場,2
3,剛健,1
3,ミラクル,10
3,有余,1
3,長々,1
3,アントニオ,1
3,舗装,1
3,ロール,2
3,市松,1
3,人任せ,2
3,佇む,1
3,喜八郎,1
3,合鴨,2
3,戸数,1
3,警察庁,1
3,由香,1
3,朗人,1
3,広壮,1
3,断章,1
3,食い下がる,1
3,朝井,1
3,中原,1
3,めくれる,2
3,金字塔,1
3,蓬莱島,1
3,頭巾,1
3,敵艦,1
3,溶接,1
3,適任,1
3,天羽,1
3,綾野,1
3,ひよっこ,1
3,ストラクチャー,5
3,ノズル,1
3,読み切れる,1
3,朝倉,1
3,バーベル,1
3,菊地,3
3,木伏,3
3,洋風,1
3,引き下がる,1
3,大腸,2
3,凶悪,3
3,片目,1
3,兵火,1
3,窮状,1
3,海象,1
3,振りまく,2
3,よーし,1
3,まぎらわせる,1
3,康嗣,1
3,とうじん,1
3,乱,1
3,百田,2
3,河川敷,3
3,イベリア,1
3,周防,1
3,おんなじ,1
3,辻村,1
3,買い付け,3
3,不定,1
3,笠智,3
3,バーバリ,6
3,俎,1
3,キクチ,2
3,白目,1
3,難読,1
3,造山,2
3,まつ毛,1
3,石こう,1
3,アソシエーション,2
3,おしん,1
3,処断,3
3,カンペ,1
3,元禄,1
3,しゃくなげ,4
3,菅尾,1
3,通帳,1
3,免,2
3,カルノー,1
3,洗いざらい,1
3,煎餅,2
3,寝過ごす,2
3,返書,1
3,一徳,1
3,不帰,1
3,神田須田,2
3,群島,3
3,北海道放送,1
3,乗用車,1
3,アダプター,1
3,拍子,1
3,かかす,1
3,おどす,1
3,ガードマン,1
3,北斗七星,1
3,なりふり,1
3,知世,3
3,包,1
3,此処,1
3,厳に,1
3,決す,1
3,労作,2
3,受けとる,1
3,天文台,1
3,下手くそ,1
3,正力,1
3,くすねる,1
3,厠,1
3,食傷,1
3,康宏,1
3,只,1
3,芋蔓,1
3,かずみ,1
3,ぬかるみ,1
3,わする,1
3,お節,1
3,敏速,1
3,ツンドラ,1
3,放送大学,1
3,ねじれ,4
3,のこぎり,1
3,シロップ,2
3,手堅い,2
3,表側,1
3,いっちょう,1
3,日本酸素,1
3,築城,1
3,七里ケ浜,1
3,登米,1
3,武司,1
3,多摩美術大,1
3,墓参り,2
3,春眠,1
3,おぼこ,1
3,とりまとめる,1
3,有安,1
3,平方,1
3,歩合,1
3,ふにゃふにゃ,1
3,善章,1
3,オタマジャクシ,1
3,豪商,3
3,ざわめき,1
3,昨日今日,1
3,にとりまして,1
3,動乱,2
3,反る,1
3,間取り,3
3,色調,1
3,多目的,1
3,たらふく,1
3,ペナルティ,1
3,受験生,1
3,テストケース,1
3,転覆,1
3,投書,1
3,刑期,1
3,手伝える,1
3,覆い,1
3,ミッドウェー,1
3,ハング,1
3,テレビ西日本,1
3,遠山,1
3,わめく,1
3,兵站,1
3,塁,1
3,カザフスタン,1
3,西の地,1
3,いそいそ,1
3,練り合わせる,1
3,研三,1
3,豊実,1
3,茶の湯,2
3,矢吹,1
3,投棄,1
3,奇襲,1
3,枕上,1
3,猪木,1
3,知命,2
3,バルク,2
3,政雄,1
3,ふる里,1
3,火あぶり,1
3,一こま,1
3,パップ,1
3,恐々,1
3,姑,2
3,変量,1
3,洩れる,1
3,かるた,1
3,使い果たす,1
3,瞳孔,1
3,三陸海岸,1
3,砂利,1
3,外郎,1
3,鮮肉,1
3,人出,1
3,朝市,1
3,上村,1
3,バルブ,1
3,不服,1
3,本立て,1
3,制空権,1
3,セザール,1
3,外野,1
3,かをり,1
3,日本製紙,1
3,暗澹,1
3,長丁場,1
3,なにがし,1
3,属,1
3,マリンピア,1
3,無尽蔵,2
3,参勤交代,1
3,失速,1
3,泣き叫ぶ,1
3,織部,5
3,介助,1
3,鳥嶋,1
3,松太郎,1
3,転進,1
3,途次,1
3,堪る,2
3,パラオ,1
3,盲目的,1
3,まっぴら,1
3,積載,1
3,大根おろし,1
3,背泳ぎ,2
3,幼,1
3,甚だ,1
3,きなこ,1
3,トントン拍子,1
3,プリンス,2
3,風営法,3
3,葛城,1
3,一泊,1
3,引き受け,1
3,百薬,1
3,箱入り,1
3,六花,1
3,二人称,1
3,当否,1
3,白々しい,1
3,何もの,1
3,ビスタ,1
3,左肩,1
3,連歌,1
3,形勢,1
3,丸木,1
3,裕之,2
3,太陽熱,1
3,不法,2
3,通り道,1
3,かすめる,1
3,残り少ない,1
3,ヒロシ,4
3,生クリーム,1
3,致命傷,1
3,日誌,1
3,語頭,1
3,所管,1
3,軽部,1
3,湯船,1
3,泳ぎ,3
3,軍需,1
3,まばたく,2
3,肝付,3
3,戌,1
3,文雄,1
3,一瀬,1
3,盛り土,2
3,言葉少な,1
3,苦衷,1
3,大隊,2
3,直立,1
3,春菜,1
3,焙る,1
3,見かねる,1
3,取っつく,1
3,裏切り者,1
3,慶長,1
3,拍,1
3,こじらせる,1
3,ガラス瓶,3
3,財宝,1
3,無げ,1
3,山頭火,1
3,つっつく,1
3,スポーク,1
3,慰霊,1
3,賞品,1
3,揃,1
3,適期,1
3,お出で,1
3,物言う,1
3,空輸,1
3,腹ごなし,1
3,貧富,2
3,適材,1
3,賭博,2
3,昌裕,1
3,送りだす,1
3,模試,1
3,早乙女,6
3,軍馬,2
3,マルクス,3
3,学区,1
3,ＦＢ,1
3,回忌,1
3,擁,1
3,施錠,1
3,操り,1
3,コケる,1
3,分目,1
3,へりくだる,1
3,由比ヶ浜,1
3,明証,1
3,輜重,1
3,物議,1
3,十全,1
3,いまわしい,1
3,ひじき,1
3,論陣,1
3,伸介,2
3,送りこむ,1
3,替え歌,1
3,事始め,1
3,塩野義製薬,1
3,朕,3
3,物象,1
3,わーい,1
3,柔和,2
3,一男,1
3,底堅い,1
3,ひぞる,1
3,美由,1
3,キャンディー,2
3,ぎゅうひ,1
3,横向き,1
3,生活苦,1
3,復刻,1
3,くゆらす,1
3,息継ぎ,2
3,括れる,1
3,流れ出る,1
3,情け,1
3,入れ直す,1
3,おまわりさん,1
3,武本,2
3,シスター,1
3,康太郎,1
3,大槌湾,6
3,内覧,3
3,もり立てる,1
3,煎る,1
3,まんまと,1
3,実働,3
3,段平,1
3,農芸,1
3,くるみ,2
3,一大事,1
3,一瞥,1
3,脳血栓,1
3,手芸,1
3,馬上,1
3,彰宏,1
3,杏果,1
3,したたる,2
3,砂時計,1
3,テレ朝,1
3,出納,1
3,パラボラアンテナ,1
3,忠久,1
3,未決,1
3,つかみ取り,1
3,作付,1
3,卓司,1
3,時事通信社,1
3,正樹,1
3,シェーカー,1
3,色付く,1
3,ウィンドー,1
3,縫い物,1
3,プロテスタント,1
3,質実,1
3,交易,1
3,任官,2
3,北山,2
3,隔て,1
3,おしらせ,1
3,来期,1
3,疎い,1
3,惨め,1
3,一挙両得,1
3,更生,1
3,シンジケート,2
3,立て直す,1
3,沸,1
3,戦記,3
3,付け焼き刃,1
3,げいこ,1
3,とし子,1
3,疑る,1
3,仲川,4
3,コロン,1
3,ゆらめき,1
3,革靴,2
3,獲物,1
3,東京建物,1
3,まばゆい,1
3,再起,1
3,拘留,6
3,押し売り,2
3,裏山,1
3,琴子,5
3,市警,1
3,編み棒,1
3,深,2
3,床ずれ,1
3,胸倉,1
3,ぐんと,2
3,栖原,3
3,描き出せる,1
3,十二支,1
3,跳べる,1
3,トロイカ,1
3,コンパ,1
3,貝柱,1
3,製塩,1
3,罰する,2
3,久田,3
3,えーっと,1
3,先頃,2
3,盛りあがる,1
3,おどろかす,1
3,イモムシ,1
3,流れ着く,1
3,ディーン,1
3,貸方,1
3,ブレア,1
3,天竜川,1
3,抜け殻,1
3,灰,1
3,お達し,1
3,なき声,1
3,寄合,1
3,こうこ,1
3,サテン,3
3,差配,1
3,道真,1
3,こがす,1
3,潔白,1
3,飛鳥新社,1
3,強権,1
3,御嵩,2
3,せいこう,1
3,ふくむ,1
3,着脱,3
3,ファミリーマート,1
3,駆けだし,1
3,英霊,1
3,快哉,1
3,時運,1
3,気宇,1
3,長大,1
3,佳史,1
3,半島,1
3,ふじの,1
3,氷塊,1
3,猫背,1
3,三人称,2
3,猟,1
3,獄,1
3,横流し,1
3,かさばる,3
3,仲直り,1
3,流し目,1
3,暴落,2
3,透き通る,1
3,実寸,1
3,嫌疑,1
3,瑛,1
3,緑が丘,1
3,所轄,1
3,申,1
3,春雄,1
3,歯向かう,1
3,使いで,1
3,都議会,1
3,畠,1
3,御意,1
3,丸紅,1
3,バスーン,1
3,庭下駄,1
3,マンチェスター,1
3,白鳥,2
3,ずっこける,1
3,為信,1
3,回りくどい,1
3,審問,2
3,鴻池,2
3,下草,1
3,なかんずく,1
3,往時,1
3,卓志,1
3,通り掛かる,1
3,複式,1
3,赤城,1
3,両脚,1
3,帝国データバンク,2
3,誉れ,1
3,スーザン,2
3,古人,1
3,縫い,1
3,寒天,1
3,殺りく,2
3,河上,1
3,亡父,1
3,矛,1
3,焼け跡,1
3,ぱらぱら,1
3,ゴルファー,1
3,こやま,1
3,俊作,1
3,型式,1
3,千歳空港,3
3,死生,1
3,経済同友会,1
3,遺稿,1
3,低廉,2
3,騎兵,1
3,不可侵,1
3,玄米,3
3,禍,1
3,放し飼い,1
3,パレスホテル,1
3,さぐる,1
3,箱書き,1
3,沖合,2
3,流し込める,1
3,信三,1
3,フォーク,1
3,精彩,1
3,ミルボン,6
3,親任,1
3,受取,1
3,梅干し,1
3,ファスナー,1
3,コンクリートブロック,1
3,にらめっこ,1
3,表皮,1
3,スキャナー,2
3,恩人,1
3,シャケ,3
3,シルクロード,1
3,金原,1
3,京町,1
3,ショーアップ,1
3,駐屯,2
3,鷲尾,5
3,糊,2
3,ほっとく,2
3,防空壕,1
3,京阪神,1
3,終,1
3,鎮魂,2
3,大安売り,3
3,粗末,1
3,からみつく,1
3,中目黒,1
3,ひっくりかえす,1
3,実数,3
3,諄々,1
3,テクニカラー,1
3,アドバンスド,1
3,土煙,1
3,封切る,1
3,スチル,1
3,真里,2
3,まろやか,1
3,光太郎,2
3,ヘリコプター,2
3,打ちっ放し,1
3,Ｆ,2
3,Ｓ,3
3,Ｗ,2
3,ｇ,1
3,ちょこんと,1
3,いっちょ,3
3,漢詩,2
3,プロポーション,1
3,見城,1
3,羹,1
4,服薬,1
4,案ずる,1
4,深々,1
4,脱字,1
4,しげい,1
4,サンディエゴ,1
4,肘,1
4,勝ち進む,1
4,北朝鮮,2
4,好んで,1
4,鳴り物,1
4,アンコール,2
4,伸ばせる,1
4,捨石,1
4,さんげ,1
4,しげる,1
4,巻き尺,1
4,ザ・ベスト,1
4,沼地,1
4,忠明,1
4,尚子,1
4,国税,1
4,副作用,1
4,オセアニア,1
4,無抵抗,1
4,毎日テレビ,1
4,越後,1
4,開東,1
4,及川,1
4,思念,1
4,開架,1
4,角南,1
4,局報,1
4,大和ハウス,1
4,総集編,1
4,格付け,2
4,見山,1
4,性徴,1
4,場当たり,1
4,とり上げる,1
4,俊宏,1
4,蔦,1
4,デイサービス,1
4,臨太郎,1
4,織り込み,1
4,宣治,1
4,しゅうれん,1
4,烏山,1
4,征男,1
4,小立野,1
4,お手上げ,1
4,マカオ,1
4,元の木阿弥,1
4,はにかむ,1
4,貴紀,1
4,侃々諤々,1
4,無口,1
4,ポツン,1
4,蜜,1
4,引き立て,1
4,弱肉強食,1
4,更迭,1
4,取りやめる,3
4,トンプソン,1
4,走り去る,1
4,空前絶後,1
4,身震い,1
4,卒然,1
4,西成,1
4,ボンド,1
4,いぶ,1
4,いも,1
4,打ち壊す,1
4,禁制,1
4,通関,1
4,名字,1
4,タートル,1
4,伯父,1
4,ほこり,1
4,うり,1
4,マック,1
4,すずめ,1
4,今ひとつ,1
4,かね,2
4,がめ,1
4,据置,1
4,油彩,1
4,半球,1
4,タイムアップ,1
4,くも,1
4,アルチザン,1
4,さしはさむ,2
4,さし,1
4,さだ,1
4,いがみ合う,1
4,気球,8
4,赤毛,1
4,尾形,2
4,アプリオリ,2
4,考課,3
4,すず,4
4,カタカタ,1
4,佳江,1
4,ゼビオ,9
4,終息,1
4,エプソン,1
4,いざなぎ景気,1
4,反日,1
4,西日本工業大学,1
4,長幼の序,1
4,徳男,1
4,神妙,1
4,残虐,1
4,恭彦,1
4,水物,1
4,間瀬,2
4,二言,1
4,シチズン,1
4,ミット,4
4,どなりつける,1
4,山家,1
4,水しぶき,1
4,箸置き,1
4,はえ,1
4,神学,1
4,ばい,1
4,のら,2
4,ばね,7
4,マルコ,1
4,ひま,2
4,パッチワーク,2
4,ふぐ,13
4,長田,1
4,あたり前,1
4,無実,1
4,基板,3
4,ニッポン放送,1
4,千穂,1
4,神崎,1
4,水町,2
4,まさ,1
4,おもねる,1
4,重々しい,1
4,ゼリー,1
4,まめ,1
4,アメリカズカップ,2
4,渦巻き,1
4,ドラマツルギー,5
4,和博,1
4,牛久保,2
4,剥がれる,3
4,買いあさる,1
4,よお,1
4,らち,1
4,剥離,2
4,アタッシェ,1
4,細切れ,1
4,他薦,1
4,卵白,1
4,雪合戦,1
4,引きちぎる,2
4,旭化成,2
4,火ぶた,1
4,生暖かい,1
4,日刊県民福井,1
4,言い換え,2
4,オジさん,1
4,手打ち,1
4,銘,1
4,町はずれ,1
4,品位,1
4,秀和,1
4,まさし,1
4,アンコールワット,1
4,雅典,1
4,信望,1
4,学舎,1
4,コンコン,1
4,まくら,1
4,軟体動物,5
4,東名高速道路,1
4,浦和,1
4,褒章,2
4,協約,1
4,生臭い,1
4,抜け道,1
4,名札,4
4,傍受,1
4,政則,1
4,脇田,4
4,熱傷,10
4,悔いる,1
4,カイ,1
4,据え付け,1
4,分け前,1
4,クシ,5
4,見果てぬ夢,1
4,勇退,2
4,峻厳,1
4,交遊,1
4,嗜む,1
4,雑務,1
4,ゲラ,1
4,船内,1
4,コノ,1
4,この先,2
4,サシ,1
4,雁,1
4,待ち合わせる,1
4,ひっくり返せる,1
4,ステ,1
4,福建,2
4,酔っぱらい,1
4,豪雪,1
4,教則,1
4,反物,1
4,ほど近い,1
4,怯える,1
4,ナイ,1
4,みなと,1
4,小三郎,1
4,加須,1
4,へっぽこ,1
4,東海大学,1
4,散らかる,2
4,自席,1
4,秀子,1
4,ありあり,1
4,ハス,1
4,黒幕,1
4,ハツ,1
4,伏し目,1
4,俄然,1
4,きらきら,1
4,パレ,1
4,狩る,1
4,ベア,3
4,婿養子,1
4,ボウ,1
4,ポイ,1
4,育てあげる,1
4,紛らわしい,2
4,鯨,1
4,浴びせかける,1
4,愛妻,1
4,起立,1
4,高専,1
4,敗因,1
4,ヤマ,1
4,ローヤル,1
4,ちゃんぽん,2
4,くり返し,2
4,大兄,1
4,バイエル,1
4,肉体美,2
4,高島,1
4,中日新聞,1
4,鈴森,1
4,空恐ろしい,1
4,計時,2
4,北越,1
4,せき立てる,1
4,レミ,1
4,レポ,1
4,蓴菜,1
4,モービル石油,1
4,ホームグラウンド,1
4,ロジャー,1
4,高嶺,1
4,福新,1
4,リワインド,1
4,手造り,1
4,南蛮,1
4,凸版印刷,2
4,グリップ,2
4,大南,2
4,欲張り,1
4,解法,1
4,転出,1
4,東風,1
4,公序良俗,1
4,けんめい,1
4,しょうへい,1
4,ブルーベリー,1
4,惜敗,1
4,敵国,1
4,真珠湾,1
4,雄平,1
4,片方向,1
4,薬剤師,3
4,逃れ,1
4,着い,1
4,館長,4
4,チャーハン,1
4,付き人,1
4,受章,1
4,坂部,2
4,もえる,1
4,マザーズ,1
4,ベン図,1
4,透る,1
4,みだりに,1
4,必見,1
4,フェアウエー,1
4,連なり,1
4,大坪,2
4,まくしたてる,1
4,アナリシス,1
4,芦刈,1
4,リポーター,2
4,冨士夫,1
4,涼子,1
4,誤字,1
4,ヤロー,1
4,太夫,1
4,おいらん,1
4,僻地,1
4,守道,1
4,父兄,1
4,ファンファーレ,1
4,痛恨,1
4,名コンビ,1
4,小耳,1
4,痛惜,1
4,慣わし,1
4,面前,1
4,高木,2
4,起き上がる,1
4,重義,1
4,入りまじる,1
4,無田,1
4,慈悲,1
4,夜更け,1
4,岩瀬,3
4,丸々,1
4,借用,2
4,寓話,2
4,接頭,1
4,切りあげる,1
4,汲める,1
4,陶然,1
4,ねんじる,1
4,全中,1
4,京都市立芸術大学,1
4,低速,2
4,原語,1
4,旧名,1
4,アントワープ,1
4,決行,1
4,コンディショニング,1
4,翔ぶ,1
4,昌俊,1
4,飛び込み,1
4,がんがん,1
4,テレビ静岡,1
4,一太郎,1
4,廉太郎,1
4,かねがね,1
4,ロータリークラブ,1
4,駿河湾,1
4,三菱鉛筆,1
4,偏狭,1
4,臆病,1
4,麻理,2
4,合羽,1
4,総点,1
4,ちゃち,1
4,つぶせる,1
4,優奈,1
4,振り乱す,1
4,越美北線,1
4,イシダ,1
4,留守電,1
4,裏返る,1
4,フローチャート,1
4,ガリバー,1
4,合い方,2
4,ほだされる,1
4,友見,1
4,穴子,1
4,火鉢,1
4,英吾,1
4,機上,1
4,びわ湖,1
4,ヨット,4
4,南風,1
4,判じ絵,1
4,体長,1
4,よしない,1
4,あらいぐま,1
4,生温い,1
4,藍綬,1
4,校門,1
4,はしご酒,1
4,ほぐれる,2
4,高熱,1
4,積み残す,2
4,日子,1
4,張本人,1
4,チャイナ,1
4,おっとり,1
4,癒える,1
4,衝く,1
4,小路,1
4,傾注,1
4,監事,1
4,時制,1
4,長髪,1
4,駅長,9
4,全壊,1
4,富雄,1
4,売れ残り,1
4,やり返す,1
4,コンパニオン,3
4,亙る,1
4,冥利,1
4,間食,1
4,編める,1
4,命ずる,1
4,軍歌,2
4,手の平,1
4,端午,1
4,おっくう,2
4,赤十字,12
4,長野朝日放送,2
4,秘書官,2
4,昌子,1
4,パタゴニア,2
4,ゴールデンウィーク,1
4,操船,1
4,女房,1
4,気味が悪い,1
4,新月,1
4,ぐーんと,1
4,打楽器,1
4,弱る,1
4,手当て,1
4,疼痛,2
4,しどころ,1
4,ウィスコンシン,1
4,ゴソゴソ,1
4,臨終,1
4,新栄,1
4,口述,1
4,湿地,1
4,こじんまり,1
4,県人,1
4,盆地,1
4,抜てき,1
4,満ち足りる,2
4,古都,1
4,読み切り,2
4,シラウオ,1
4,春子,1
4,預け入れる,1
4,春季,1
4,惜しむらくは,1
4,卵黄,1
4,農協,1
4,注記,1
4,花月,1
4,譲り合う,2
4,ストップウォッチ,1
4,トリノ,1
4,か所,1
4,渋柿,1
4,ボーリング,2
4,エアロ,1
4,オムレツ,1
4,むっくり,1
4,命脈,1
4,リンチ,1
4,御神輿,1
4,魚油,2
4,いちゃもん,1
4,謄本,1
4,方正,1
4,ダイワハウス,5
4,草地,1
4,はぐくむ,1
4,別働隊,1
4,鎮守,1
4,アラビア,1
4,ふるまえる,1
4,栄枯盛衰,1
4,追伸,1
4,くつろげる,1
4,教祖,1
4,受領,1
4,納骨,1
4,幾三,1
4,はね返る,1
4,佐賀新聞社,2
4,内情,1
4,置いてきぼり,1
4,投げ入れる,2
4,山車,1
4,日本水産,1
4,引越し,1
4,早業,1
4,足音,1
4,タイムズ,2
4,採り入れる,2
4,塩谷,21
4,自薦,1
4,善明,1
4,賭け,1
4,夫唱婦随,1
4,薄化粧,1
4,汗ばむ,1
4,クリスチャン,1
4,ナマズ,1
4,たのしむ,1
4,ガンジー,2
4,美保,1
4,讃える,1
4,うっぷん,1
4,送別,2
4,極細,1
4,とりあう,1
4,上体,1
4,新版,1
4,不休,1
4,ちびっこ,1
4,そらせる,1
4,タラップ,1
4,ヴェルディ,1
4,玉ねぎ,1
4,うつす,1
4,タマ子,5
4,サインペン,1
4,話者,1
4,鍵っ子,1
4,フォックス,2
4,どける,1
4,破ける,1
4,しぶしぶ,1
4,患部,1
4,清爽,1
4,バックナンバー,1
4,深甚,1
4,憮然,3
4,序列,1
4,メルセデス,1
4,森部,2
4,独学,1
4,先祖返り,1
4,電線,1
4,ジグソー,1
4,オーバーラップ,1
4,セーラー,2
4,アトランタ,1
4,波面,1
4,玄界灘,1
4,訳語,1
4,ごみ箱,1
4,ぜったい,1
4,芦田,2
4,茂樹,1
4,なえる,1
4,新着,3
4,敬老,1
4,鋼管,1
4,片寄る,2
4,久世,2
4,ゼムクリップ,1
4,すみつく,1
4,朋代,1
4,偽証,1
4,特注,2
4,ぐつぐつ,1
4,モナ・リザ,3
4,康則,1
4,愚行,2
4,画風,1
4,仮面ライダー,3
4,無音,1
4,桜えび,1
4,血走る,1
4,笑いかける,1
4,幕張,1
4,揺ぎ,1
4,界面,1
4,品行,1
4,もろ刃,1
4,切り返す,1
4,中味,1
4,前哨,1
4,値頃,2
4,シューティング,1
4,サイクロン,1
4,敏行,1
4,フランコ,2
4,牢獄,1
4,くすぐったい,1
4,有史,1
4,あまずっぱい,1
4,おうか,1
4,ならぶ,2
4,敬虔,1
4,になう,1
4,軟膏,1
4,壮観,1
4,風前,1
4,期初,1
4,無秩序,1
4,我慢強い,1
4,直枝,2
4,とうてい,1
4,冨永,1
4,おえる,1
4,正人,1
4,幸彦,1
4,高水準,1
4,接続詞,1
4,浪速,1
4,アスパラガス,1
4,太華,10
4,公理,2
4,切り上げ,1
4,力作,1
4,朝原,1
4,遍在,1
4,ペーパーバック,1
4,くすぶる,1
4,名寄せ,1
4,私鉄,2
4,キシャ,1
4,砕ける,1
4,ナッシュ,1
4,村主,1
4,びわ湖放送,2
4,概説,1
4,響きわたる,1
4,釣り合う,1
4,勇ましい,1
4,炒る,2
4,入省,1
4,利彦,1
4,フランクフルト,3
4,具申,1
4,ファンキー,1
4,キロヘルツ,1
4,手毬,1
4,わいしょう,1
4,遺品,1
4,肺気腫,1
4,透かす,1
4,ひたひた,1
4,あっけらかん,1
4,言い聞かせる,1
4,ガーゼ,1
4,ザイール,1
4,カラメル,1
4,ねぎらう,1
4,かしぐ,1
4,猿回し,1
4,正吉,1
4,唐,2
4,誤謬,1
4,下戸,1
4,よびかける,1
4,婉曲,1
4,日本ハム,3
4,井出,4
4,かなた,1
4,勝一,1
4,高雄,3
4,絵解き,1
4,勝也,1
4,立ち上がれる,1
4,埋め合わせる,1
4,照れ隠し,1
4,几帳面,1
4,研一,1
4,今一,1
4,勤め人,1
4,美月,1
4,知らん顔,1
4,桂米朝,1
4,写ルンです,1
4,久彌,1
4,軋轢,1
4,召す,1
4,グラインダー,1
4,綱渡り,1
4,服従,1
4,サイプレス,1
4,こうせつ,1
4,折り曲げる,1
4,奇談,1
4,グリーンランド,1
4,運営上,1
4,もの凄い,1
4,かよう,1
4,はかま,2
4,叶う,1
4,書き入れる,1
4,敏雄,1
4,季,1
4,寄り合い,2
4,終り,1
4,明け方,1
4,押し進める,1
4,新譜,1
4,筑波,4
4,母上,2
4,写せる,1
4,もろ手,1
4,広樹,1
4,アングラ,1
4,深谷,1
4,ジンクス,1
4,新谷,1
4,土倉,2
4,前文,1
4,わだかまる,1
4,崔,2
4,加害,1
4,指弾,1
4,税関,3
4,かくせる,1
4,ヒデコ,1
4,ブルックス,1
4,中継ぎ,5
4,康明,2
4,遺志,1
4,二宮,2
4,静謐,1
4,下段,1
4,手短,1
4,身寄り,1
4,スクーリング,1
4,手さばき,1
4,揺るぎ,1
4,恕,2
4,下浜,3
4,パール,1
4,武彦,1
4,惣,1
4,振幅,1
4,手ぬるい,1
4,ジャスダック,1
4,学修,1
4,立身出世,1
4,術後,1
4,挙手,1
4,はるみ,1
4,朝駆け,3
4,けろりと,1
4,学内,1
4,力戦,1
4,両派,3
4,くじく,1
4,知床,1
4,長之助,1
4,字句,1
4,聖夜,1
4,四之宮,1
4,歌い上げる,1
4,空軍,1
4,贋作,1
4,苦言,1
4,仙台育英,1
4,冨士雄,1
4,千代,1
4,中治,1
4,加担,1
4,九月,2
4,もじもじ,1
4,シンクロナイズドスイミング,1
4,騒々しい,1
4,学卒,1
4,アドバルーン,1
4,書法,1
4,二番煎じ,1
4,淡雪,1
4,年男,1
4,アポイントメント,1
4,砂嵐,1
4,斉,1
4,康浩,1
4,妖怪変化,1
4,コゴミ,1
4,知慮,1
4,芝居気,1
4,配下,1
4,はちまき,2
4,食い違う,1
4,日通,1
4,ニクソン,1
4,最深,1
4,杜,1
4,報道局,4
4,ドロドロ,2
4,枕,3
4,義父,1
4,上っ面,1
4,鶏卵,2
4,ロンバルディア,1
4,呟く,1
4,ビーズ,1
4,栗,1
4,流れ出す,1
4,題目,1
4,おじゃま,1
4,最澄,1
4,目移り,1
4,本橋,3
4,ゲレンデ,1
4,酒呑み,1
4,器物,1
4,土居,1
4,杉村,1
4,瀬古,1
4,家中,1
4,楯,1
4,楼,1
4,材木,1
4,定刻,1
4,語らう,1
4,仲よく,1
4,注意報,1
4,体位,1
4,余人,1
4,訥々,1
4,不眠,1
4,間中,1
4,前置詞,1
4,流し,1
4,自然薯,1
4,夜討ち,4
4,けじめ,1
4,包帯,2
4,消防車,1
4,区域,2
4,在席,1
4,宅地,1
4,会報,1
4,中畑,3
4,跳ね返り,1
4,水力,1
4,沖永良部,1
4,康生,1
4,つまみ上げる,1
4,製図,1
4,しめつける,1
4,ノルマンディー,1
4,秩父鉄道,1
4,定まり,1
4,寝間着,1
4,ミネベア,1
4,先進地,3
4,コロナ,2
4,野尻湖,1
4,ちょんまげ,1
4,スポーツマンシップ,1
4,佐原,1
4,運動公園,1
4,とんがる,1
4,長たらしい,1
4,滴,1
4,気乗り,1
4,柏崎,1
4,亜樹,1
4,役得,1
4,有田,1
4,ゴメン,1
4,服用,1
4,昭道,1
4,つっけんどん,1
4,びらき,3
4,余命,1
4,役だつ,1
4,ぐいぐい,1
4,駄洒落,1
4,けしかける,1
4,那波,2
4,当方,1
4,取り入れ,1
4,伊庭,1
4,六ケ所,2
4,おそらくは,1
4,湯量,1
4,灯台,1
4,潔癖,1
4,安居,2
4,浸す,1
4,交詢社,1
4,アンダルシア,1
4,水域,1
4,専一,1
4,破損,1
4,鎮める,1
4,翌々日,1
4,ハーネス,1
4,郵政,2
4,前節,1
4,あてはめる,2
4,漁船,1
4,品々,1
4,党首,1
4,消し,1
4,行状,1
4,預託,1
4,涙ぐむ,1
4,急げる,5
4,化粧直し,1
4,ピラニア,1
4,石渡,1
4,うらはら,1
4,こづく,2
4,サンバ,1
4,サンガ,2
4,本省,1
4,演舞,1
4,今次,1
4,投薬,1
4,サンデー毎日,1
4,桑名,10
4,張れる,1
4,走り抜ける,1
4,暗証,1
4,冷酷,1
4,探し出せる,1
4,盃,1
4,宮島,1
4,酒席,1
4,厳命,1
4,豊穣,1
4,意気揚々,1
4,十指,1
4,もん絶,1
4,反則,1
4,尖兵,1
4,シネマ,1
4,もしもし,1
4,音量,3
4,押し切れる,1
4,門川,1
4,背徳,1
4,飲み込める,1
4,ヘルツ,1
4,受け方,1
4,戦隊,1
4,迎賓館,1
4,真贋,1
4,秦,2
4,人道的,1
4,回生,1
4,泣き所,1
4,繁い,1
4,猥褻,1
4,金剛,1
4,ザーッ,1
4,信二,1
4,インターハイ,1
4,等質,1
4,含み笑い,1
4,前菜,1
4,千晶,1
4,加世子,1
4,名乗,1
4,気張る,1
4,取りやめ,1
4,宏明,1
4,返金,1
4,ベンツ,2
4,太め,1
4,大人しい,1
4,一騎打ち,1
4,阪中,2
4,誘いまくる,1
4,忍ばせる,1
4,不親切,1
4,博文,1
4,えんえん,1
4,能弁,1
4,応戦,1
4,よりによって,1
4,ケント紙,1
4,アベック,21
4,純増,1
4,笠間,1
4,ばっさり,1
4,豊臣,1
4,センチメートル,2
4,シミュレーター,1
4,田沢湖,1
4,コーティング,1
4,目頭,1
4,田保橋,1
4,打電,1
4,ヒュッテ,1
4,Ｌ,2
4,Ｏ,1
4,＿,5
4,さめる,2
4,信博,1
4,隠ぺい,1
4,針葉樹,1
4,厳島,1
4,泰介,1
4,翠,1
5,尾和,1
5,対局,1
5,さわり,1
5,しらじらしい,1
5,木花,1
5,ピクニック,1
5,重奏,1
5,名取,1
5,順風,1
5,見廻す,1
5,常食,2
5,乱舞,1
5,モノグラム,1
5,栗本,2
5,些細,2
5,やられる,1
5,糾弾,1
5,国禁,1
5,御徒町,1
5,くら替え,1
5,征爾,1
5,定款,2
5,レシーブ,2
5,期限切れ,1
5,在留,1
5,ハウステンボス,1
5,西島,1
5,季実子,1
5,キャリー,1
5,纏う,1
5,降り積もる,1
5,沢尻,2
5,島しょ,1
5,裏千家,1
5,速達,1
5,優に,1
5,心して,1
5,続伸,1
5,性急,1
5,先がける,1
5,藤久,1
5,祝勝,1
5,ホーン,3
5,川遊び,1
5,亡者,1
5,奴ら,1
5,法域,1
5,持ち替える,1
5,留保,1
5,あでやか,1
5,飛騨高山,1
5,拡販,1
5,治子,1
5,手入れ,2
5,川田工業,1
5,マオリ,1
5,朗読,1
5,柳瀬,1
5,仕立,1
5,バリ島,1
5,氷水,1
5,ロースター,1
5,すくい上げる,1
5,在社,1
5,マサイ,1
5,ノーカット,1
5,キャッチャー,1
5,マークカード,1
5,完熟,1
5,ブラックユーモア,1
5,血小板,5
5,半熟,1
5,視床,1
5,マンゴー,1
5,微熱,1
5,蠅,1
5,ウグイス,1
5,うつ病,1
5,手はず,1
5,祖国,1
5,掘り返す,1
5,詣でる,1
5,緑ヶ丘,4
5,うふ,1
5,かき,1
5,台形,1
5,生い茂る,1
5,かめ,3
5,お神酒,1
5,くど,1
5,うつ伏せる,1
5,じゃが,1
5,流体,3
5,同島,1
5,ケンコー,1
5,曽野,1
5,モータースポーツ,3
5,さば,2
5,毛筆,1
5,気の毒,1
5,狂言回し,1
5,善い,1
5,振袖,5
5,王越,1
5,せき,1
5,そつ,1
5,じゅん,3
5,手つかず,1
5,入れ,2
5,たこ,1
5,池永,1
5,コペンハーゲン,1
5,吊るす,1
5,打消す,4
5,影絵,3
5,ちの,2
5,増分,1
5,ビデオデッキ,1
5,ひび割れる,1
5,請ける,1
5,つと,1
5,待ちわびる,1
5,つね,1
5,アッパー,1
5,弊誌,1
5,かけ橋,1
5,宝生,2
5,ミツコ,1
5,粘着,7
5,のす,1
5,キャラメル,1
5,伝票,1
5,秀俊,1
5,ひご,1
5,南回り,1
5,ベーカリー,1
5,永谷園,1
5,未遂,1
5,コンビニエンス,1
5,来襲,1
5,跡づける,1
5,ハリケーン,1
5,浩伸,1
5,本四架橋,1
5,べつ,1
5,検品,1
5,心的,1
5,聞き書き,1
5,緑化,1
5,薬師寺,1
5,高倉,1
5,ふりかぶる,1
5,丹青,1
5,附帯,1
5,伊織,1
5,純正,1
5,平手打ち,2
5,パトカー,1
5,勝ち残る,1
5,和名,1
5,りこ,1
5,脱水,1
5,ステンシル,1
5,偏執,1
5,駿河台,1
5,自嘲,1
5,蒋介石,3
5,垂れる,2
5,成り金,1
5,聞き分け,2
5,永眠,1
5,引き連れる,2
5,ブルームバーグ,1
5,秀司,1
5,納涼,1
5,敏三,1
5,布く,1
5,酒税,1
5,食通,1
5,まさき,1
5,ローソン,2
5,カーター,1
5,覇気,1
5,ウェルズ,1
5,名乗り出る,1
5,シャンツェ,1
5,一昨日,1
5,まくり,1
5,悪弊,1
5,医学部,1
5,染み入る,1
5,肝腎,1
5,アテ,1
5,チベット,1
5,勇躍,1
5,ウメ,1
5,まつる,2
5,かわら版,1
5,津川,1
5,取入れる,1
5,金津,1
5,インサイダー,1
5,みうら,11
5,隅田川,1
5,キヨ,1
5,メーンバンク,1
5,メバル,1
5,クン,1
5,著述,1
5,難儀,1
5,あったら,1
5,純然,1
5,衆院,1
5,変人,2
5,船出,1
5,本館,1
5,しゃがむ,2
5,綱引,1
5,ソク,4
5,フルコース,2
5,珍重,1
5,激辛,1
5,みごと,1
5,ダン,8
5,世迷言,1
5,差し出せる,1
5,浩士,1
5,和尚,2
5,チェロ,2
5,活弁,1
5,そっぽ,1
5,北西,1
5,山林,1
5,フォスター,4
5,堪忍袋,1
5,乳首,2
5,首肯,1
5,絵梨,1
5,報いる,1
5,段々畑,1
5,スターティング,1
5,肉親,1
5,ピコ,1
5,濱谷,2
5,お参り,1
5,折り鶴,1
5,法治,1
5,身ぐるみ,1
5,仁井田,1
5,万有引力,1
5,神格,1
5,図録,1
5,シノプシス,1
5,がっつく,1
5,実花,4
5,ヘビ,1
5,例示,1
5,ぺったんこ,1
5,神棚,5
5,すきま風,1
5,ミネ,1
5,天保,1
5,さまよう,1
5,赤紙,1
5,浦島,1
5,荒らげる,1
5,埋立,2
5,キャッシュカード,1
5,エディション,1
5,亡霊,3
5,つなぎ止める,1
5,飢饉,1
5,ユリ,1
5,暗む,1
5,問い直し,1
5,イニシエーション,2
5,多勢,1
5,リキ,1
5,リカ,1
5,お天道様,1
5,見田,2
5,つるつる,2
5,ひっぱたく,1
5,須賀川,1
5,重症,1
5,重病,1
5,水草,1
5,けんらん,1
5,余興,1
5,ローラー,1
5,弱電,1
5,天分,1
5,細田,9
5,たぎる,1
5,陰ながら,1
5,御覧,1
5,汽笛,1
5,往路,1
5,基本形,1
5,あてがう,1
5,半袖,1
5,伝記,2
5,販売元,1
5,都道,1
5,イーストマン・コダック,1
5,班長,5
5,セルゲイ,1
5,密航,1
5,絵里花,1
5,荒削り,1
5,滲む,2
5,岩村,4
5,待った,1
5,復調,1
5,ジェーン,3
5,笑い事,1
5,後遺症,1
5,シズ子,1
5,残骸,2
5,緩慢,1
5,仏間,1
5,園長,1
5,斉唱,1
5,揚げ物,1
5,出羽三山,1
5,保田,1
5,都銀,1
5,逆と,1
5,霊園,1
5,舵取り,1
5,北里,1
5,提議,1
5,居留,1
5,フィンドレー,1
5,新兵,1
5,寄せ書き,1
5,ウーロン茶,1
5,大器,1
5,億劫,2
5,始めて,1
5,放心,1
5,無定形,2
5,森林地帯,1
5,火山灰,1
5,ヒステリック,1
5,註文,1
5,万々,1
5,甘辛い,1
5,耳触り,1
5,即行,1
5,抗える,1
5,復路,1
5,鼻孔,1
5,各省,1
5,スパルタ式,1
5,隠しごと,1
5,持ち出せる,1
5,精製,1
5,あきらめ,1
5,撃破,1
5,折り合う,3
5,氷見,1
5,文士,1
5,良夫,1
5,十返,1
5,取締,1
5,身幅,1
5,薬用,4
5,生まれたて,1
5,紡績,1
5,ジャンジャン,1
5,酒販,7
5,ノーサイド,1
5,はぐれる,1
5,稲妻,1
5,加圧水,1
5,地雷,1
5,羨む,1
5,作付け,1
5,援護,1
5,外山,1
5,転売,4
5,懐中,1
5,写し絵,1
5,頑として,1
5,座す,1
5,光人,1
5,インテグリティ,1
5,雲形,2
5,胸襟,2
5,とまれる,1
5,理髪,1
5,光信,1
5,慈恵,1
5,お伴,1
5,峯村,1
5,もらす,1
5,健気,1
5,だまる,1
5,ふくらます,1
5,繰りかえす,1
5,暖める,2
5,慈愛,1
5,熨斗,1
5,浅間山,1
5,論外,1
5,水車,1
5,皆殺し,1
5,制する,1
5,わき出る,1
5,デレゲーション,2
5,体躯,1
5,寝言,1
5,こづかい,1
5,格調,2
5,紫舟,2
5,天平,2
5,ヘルパー,1
5,興せる,1
5,ちはる,1
5,新婦,6
5,習い,1
5,日向,9
5,日吉,1
5,勇み足,1
5,大役,1
5,課徴,4
5,イヤリング,1
5,信義,1
5,長銀,1
5,根本中堂,1
5,土産物,3
5,恩義,2
5,早合点,2
5,適う,1
5,あけすけ,1
5,ウルグアイ,1
5,ロイター,1
5,高津,1
5,こぢんまり,2
5,真里奈,1
5,きびしい,1
5,アート紙,1
5,日本武道館,1
5,支払える,1
5,花婿,1
5,女子美術大,1
5,踏んづける,1
5,吸える,1
5,決議,1
5,横書き,1
5,麻痺,1
5,腹腔,3
5,ミリリットル,1
5,羽ばたける,1
5,アール,4
5,併進,1
5,ライカ,2
5,やまと,2
5,ホバート,3
5,日持ち,1
5,日大,1
5,単願,1
5,消沈,1
5,晃一,2
5,ストーム,1
5,モメント,5
5,仰向け,1
5,あわてる,1
5,軒数,1
5,カタール,1
5,内々定,3
5,止む,1
5,池野,1
5,借り上げる,1
5,墓石,1
5,あきこ,1
5,なんてこった,1
5,天明,1
5,あしい,3
5,メーンテーマ,1
5,黒目,1
5,わずらわしい,1
5,疑い深い,1
5,盟主,1
5,大松,1
5,旗幟,1
5,命がけ,1
5,家風,2
5,デッド,3
5,成句,1
5,エチオピア,2
5,寿太郎,1
5,イルカ,1
5,白子,1
5,目上,1
5,参道,1
5,見限る,1
5,構文,1
5,一人ぼっち,1
5,ツルツル,1
5,くるまれる,2
5,新政,18
5,特売,1
5,俗語,1
5,マツモトキヨシ,1
5,酸類,1
5,怒り狂う,1
5,小道,3
5,お高く,1
5,自筆,1
5,つぶら,1
5,直伝,1
5,呪縛,1
5,和洋折衷,1
5,スポーツバー,1
5,政男,1
5,あらす,1
5,太一郎,1
5,取り揃える,1
5,品番,1
5,電灯,2
5,威勢,1
5,ピチカート・ファイヴ,1
5,マニキュア,1
5,エントロピー,5
5,捧ぐ,1
5,赤血球,1
5,闇雲,1
5,苦悶,1
5,難産,2
5,論ずる,1
5,狂喜,1
5,一刀両断,1
5,魔法瓶,1
5,犀川,15
5,花柳,1
5,愛社,1
5,治める,1
5,デフォー,1
5,殺る,4
5,言葉づかい,2
5,道徳心,1
5,凶作,1
5,鏡台,1
5,千両役者,1
5,ワーナー・ブラザーズ,3
5,切り換え,1
5,ままごと,1
5,トレイ,1
5,のめりこむ,2
5,姉川,1
5,嘉則,1
5,病原菌,1
5,ハンドボール,11
5,鎮子,1
5,散発,1
5,ウクライナ,1
5,蜷川,16
5,符合,1
5,ナツコ,1
5,自若,1
5,御神酒,1
5,てめぇ,1
5,叩き付ける,1
5,着丈,1
5,蒙る,2
5,落ち穂,1
5,エデン,3
5,亜硫酸,1
5,はた迷惑,1
5,生還,1
5,打ち合い,1
5,物の数,1
5,ふやける,1
5,緑茶,2
5,小樽商科大学,1
5,はね返す,1
5,和英,1
5,とうた,1
5,いわき,1
5,二本松,1
5,引き返せる,1
5,引っこぬく,1
5,楽章,1
5,ドール,1
5,治雄,1
5,控え,1
5,渚沙,1
5,小割り,1
5,愛美,1
5,暗喩,1
5,奇特,1
5,祭り上げる,1
5,釜飯,1
5,サウジアラビア,1
5,ロップ,6
5,セレッソ大阪,1
5,空清,1
5,染む,1
5,凶器,2
5,春告鳥,1
5,日没,1
5,本四連絡橋,1
5,ラビリンス,1
5,チカチカ,1
5,取り返し,1
5,コマーシャリズム,1
5,変節,1
5,眠らせる,1
5,ポップコーン,1
5,幸吉,1
5,受入れ,1
5,うねめ,1
5,不全,1
5,リットル,2
5,アーチェリー,1
5,かけだす,1
5,くみとる,1
5,吊り橋,4
5,ともる,1
5,バックミラー,2
5,日本長期信用銀行,1
5,朝日山,1
5,康二,1
5,独居,1
5,鹿間,2
5,雑菌,1
5,税込み,1
5,太もも,1
5,ハウスキーパー,1
5,なおも,1
5,カカオ,4
5,青っぽい,1
5,ダウンサイジング,1
5,とんま,2
5,定め,1
5,日照,1
5,まえがき,1
5,巡り会える,1
5,とりいれる,1
5,歪める,2
5,焦がす,1
5,朋之,1
5,悠長,1
5,中共,2
5,骨身,1
5,お眼鏡,1
5,津金,1
5,現代新書,1
5,ココナッツ,1
5,丁々発止,1
5,陶酔,1
5,ローブ,1
5,比叡山,1
5,だんらん,1
5,カツラ,1
5,むきだす,1
5,辟易,1
5,幾多,1
5,うずたかい,1
5,明滅,1
5,割付,2
5,おびえる,1
5,由々しき,1
5,弦楽器,1
5,剣先,2
5,トップモデル,1
5,ウォーレン,1
5,退官,1
5,輪番,1
5,眼孔,1
5,何れ,1
5,デング熱,1
5,投射,4
5,忠兵衛,5
5,平屋,1
5,戸板,1
5,レアリスム,1
5,山高,2
5,乗り場,1
5,道化,1
5,見繕う,1
5,青山学院大学,1
5,エチケット,1
5,無骨,1
5,戸棚,1
5,滅多に,1
5,指値,1
5,譲歩,1
5,マテリアリズム,1
5,端正,1
5,風刺,1
5,山鳥,1
5,直木,1
5,溜まり場,1
5,差し当る,1
5,列席,1
5,正三,1
5,木元,1
5,幼年,2
5,武井,2
5,烏龍茶,1
5,玉石混淆,1
5,脅し,1
5,大葉,1
5,秒速,1
5,カンパ,1
5,昌男,1
5,むりやり,1
5,移譲,1
5,カレイド,1
5,ザウルス,1
5,五郎丸,1
5,アフォーダンス,1
5,高野,1
5,凪,3
5,レスキュー,1
5,三十五,1
5,薄切り,1
5,行儀,2
5,相模,1
5,厭う,1
5,平手,1
5,不出来,1
5,海部,1
5,フォトコンテスト,1
5,遠因,1
5,切り取れる,1
5,邦人,1
5,引継ぐ,1
5,とっくり,1
5,勲,1
5,出入り口,1
5,炙る,2
5,酢味噌,1
5,升,1
5,レポーター,2
5,ジェットバス,1
5,風圧,1
5,卯,2
5,武利,1
5,書家,4
5,矢作,4
5,積み込む,1
5,双,2
5,非合法,1
5,弁務,1
5,Ｑ＆Ａ,1
5,敦賀,1
5,噴射,1
5,名古屋大学,5
5,追撃,1
5,掻っ込む,1
5,白ける,1
5,敗軍,1
5,吐き出せる,1
5,静岡新聞社,1
5,シマフクロウ,1
5,直流,1
5,唯,1
5,ぴょんぴょん,1
5,書き物,2
5,一掃,1
5,短信,1
5,ニアミス,1
5,後醍醐天皇,2
5,ぬるい,1
5,二・二六事件,1
5,かなめ,1
5,菱屋,5
5,ならべる,1
5,打つ手,1
5,混じり,1
5,寝転ぶ,1
5,支障,1
5,助産婦,1
5,ハンス,2
5,掴める,1
5,失調,1
5,タチバナ,7
5,出来上がり,1
5,しこしこ,1
5,袖丈,1
5,妥結,1
5,漏斗,1
5,丹後,1
5,谷川,11
5,茶道具,1
5,天賦,1
5,獣性,1
5,パドル,1
5,グアム,1
5,一升瓶,5
5,感電,2
5,耕地,1
5,入れ歯,1
5,テロリズム,3
5,委,1
5,現世,1
5,士長,1
5,恐い,1
5,真由美,1
5,三朗,1
5,スピッツ,1
5,イブニング,1
5,分母,1
5,創平,4
5,大輔,1
5,漢方,1
5,クロスオーバー,1
5,大輪,4
5,何たる,1
5,式場,2
5,渡り合える,1
5,深謀,1
5,ディベロッパー,1
5,下校,1
5,寒,1
5,寧,1
5,玉座,1
5,ヤンキー,4
5,きたす,2
5,二女,1
5,羨望,1
5,仏具,1
5,勝又,4
5,バール,1
5,建屋,1
5,菩提,1
5,貼れる,2
5,ビオラ,2
5,きとう,1
5,獅子頭,1
5,はなす,1
5,見きわめる,1
5,固唾,1
5,書斎,3
5,賦与,1
5,すげ替える,1
5,薬局方,1
5,クルト,1
5,弓子,1
5,舌鼓,1
5,ソマリア,1
5,恵む,1
5,春日大社,3
5,モルヒネ,1
5,平滑,1
5,冠婚葬祭,1
5,五十六,1
5,がらみ,1
5,聞き覚え,1
5,大船渡,2
5,置き忘れる,1
5,祀り,1
5,両極,1
5,だし汁,1
5,産み,1
5,ブラザー,1
5,ワニブックス,1
5,キロメートル,1
5,知宏,1
5,座標,1
5,角い,1
5,ブロードウェー,1
5,砂塵,1
5,高島屋,2
5,季節外れ,1
5,仮初,1
5,上り詰める,1
5,新郎,6
5,十一月,1
5,ウィンド,1
5,漢江,2
5,きもと,1
5,頓着,1
5,ヒュー,1
5,事務職,1
5,菊池,4
5,小汚い,1
5,はんだ,2
5,亡き後,1
5,役務,2
5,メビウス,1
5,サンリオ,1
5,前歯,1
5,ひざまずく,1
5,オールタナティブ,1
5,片貝,1
5,夕涼み,1
5,御仁,1
5,勝ち目,1
5,滅私,1
5,接,1
5,半三,1
5,返礼,1
5,フリーライター,1
5,寝つく,1
5,飲み手,1
5,ＤＣ,1
5,大食,1
5,幽玄,1
5,適格,1
5,輪転,3
5,拘泥,1
5,敷,1
5,徹三,1
5,ＯＬ,2
5,さしおく,1
5,江沢民,1
5,振り替える,1
5,南京,1
5,ＳＬ,1
5,留め,1
5,コグレ,1
5,ブロックバスター,4
5,ＴＶ,1
5,蜂起,1
5,ウインター,3
5,生まれ変われる,1
5,食い違い,1
5,マンゴスチン,1
5,猛省,1
5,とば口,1
5,はめ込み,1
5,計り,1
5,話し声,1
5,部室,2
5,排外,1
5,地声,1
5,柴,1
5,光進,1
5,ひきずる,1
5,栓,2
5,グイグイ,1
5,笠置,1
5,電通ヤング・アンド・ルビカム,1
5,取り分,1
5,初っぱな,1
5,漂着,1
5,見損なう,1
5,踏みしめる,1
5,呼び続ける,1
5,八方美人,1
5,コトン,1
5,隈取り,1
5,場馴れ,1
5,願える,1
5,猛禽,3
5,京セラ,1
5,捕える,2
5,保健所,3
5,一本やり,1
5,英輔,1
5,学外,1
5,ブザー,1
5,パッキング,2
5,卓史,2
5,等級,1
5,ナッシング,1
5,吸い殻,1
5,円谷,4
5,気品,1
5,ダビング,1
5,ペントハウス,1
5,酒匂,2
5,セットアップ,2
5,たてまつる,1
5,だしぬける,1
5,織り込める,1
5,歯磨き粉,1
5,コリア,2
5,牛鍋,1
5,連れ込む,1
5,ベルサイユ,1
5,小豆島,1
5,立て込む,1
5,酷使,1
5,ネームバリュー,1
5,くれぐれも,1
5,考え付く,1
5,ゆらめく,1
5,来校,1
5,ブブカ,1
5,即効,1
5,涼,1
5,万端,1
5,博嗣,4
5,遺漏,1
5,サファリ,1
5,フワリ,1
5,ごまかせる,1
5,詫び状,1
5,垣内,1
5,とんこつ,1
5,幹線,1
5,蒲島,1
5,パン焼き,1
5,球技,1
5,弦楽,1
5,姿見,1
5,仕掛,1
5,国有,1
5,逸する,1
5,電話機,1
5,瀕,1
5,見切り,1
5,城主,2
5,年月日,1
5,たんまり,1
5,忠告,1
5,ひりひり,1
5,今昔,1
5,酸化,2
5,育子,1
5,才覚,2
5,落涙,1
5,ふうん,1
5,伸夫,1
5,遅くとも,1
5,見とれる,1
5,見送り,1
5,美浜原発,1
5,条件下,2
5,極まる,1
5,恒太郎,2
5,さびれる,1
5,こする,1
5,土方,1
5,頷ける,1
5,走出,1
5,寝返り,2
5,オーストラリアドル,1
5,宗家,1
5,瞠目,1
5,病む,2
5,納付,1
5,詫び,1
5,会得,1
5,キティちゃん,1
5,紫式部,1
5,サモア,1
5,強気,1
5,他校,1
5,シオン,1
5,反乱,1
5,瑞,1
5,痒い,1
5,不参加,1
5,サヨリ,1
5,ゴッドファーザー,1
5,熱る,1
5,事物,5
5,ごころ,3
5,北斗,1
5,突き合せる,2
5,印字,1
5,サワラ,1
5,南座,2
5,面白味,1
5,澄男,1
5,求婚,1
5,掲揚,1
5,危害,1
5,サーボ,1
5,皇,1
5,エイビス,2
5,生い立つ,1
5,目途,1
5,定形,1
5,ご法度,1
5,ジェイ,1
5,小賢しい,1
5,おもんない,1
5,気色ばむ,1
5,引き延ばし,1
5,宮川,3
5,伊方,1
5,こまめ,1
5,仕える,1
5,辰野,1
5,只今,1
5,ごてる,2
5,かき回す,1
5,立ち直り,2
5,ペスト,1
5,本章,1
5,ささる,1
5,刈り込む,1
5,丸見え,2
5,まき散らす,1
5,移れる,1
5,有罪,1
5,金ピカ,1
5,手錠,1
5,さぞや,1
5,元締め,1
5,赤子,1
5,季節はずれ,1
5,金券,1
5,竈,1
5,ぐらつく,1
5,齎す,1
5,小唄,1
5,競,1
5,シュー,1
5,笛,2
5,プリマドンナ,1
5,ぐりぐり,1
5,筍,1
5,歯磨,1
5,チャラチャラ,2
5,野原,4
5,ベストテン,1
5,梅原,1
5,サンガー,2
5,百戦錬磨,1
5,あまりの,1
5,コリンズ,1
5,酸度,1
5,関川,1
5,近鉄,1
5,ベレー,1
5,金吾,1
5,同体,2
5,紅,1
5,耳目,1
5,抜け目,1
5,修作,1
5,自己流,2
5,宗旨,1
5,紺,1
5,急変,1
5,ベイルート,4
5,宗晴,2
5,緒,1
5,衝立,1
5,引きずりこむ,1
5,吉兆,2
5,厳寒,1
5,ふくよか,1
5,強盗,1
5,薄口,1
5,バーミヤン,1
5,請け,1
5,はためく,2
5,Ｃ,1
5,Ｐ,1
5,Ｚ,1
5,したり顔,1
5,いってん,1
5,用例,1
5,絶世,1
5,ブギウギ,1
5,走馬灯,1
5,うながす,1
5,打ち出し,1
5,翻,1
6,もの申す,1
6,ホルスト,2
6,ハンドブック,1
6,玉の湯,1
6,厚意,1
6,一軍,2
6,水晶,2
6,露天風呂,2
6,神仏,1
6,金太,1
6,販社,1
6,悠久,1
6,諤々,1
6,しいたけ,1
6,挿絵,1
6,リトマス試験紙,1
6,薬剤,1
6,タオル地,1
6,密教,1
6,田内,1
6,薄型,2
6,ジャミン,1
6,半人前,1
6,上辺,1
6,リキュール,1
6,利通,1
6,スラム,1
6,祝儀,1
6,着こなし,19
6,数の子,1
6,不通,1
6,得意気,1
6,不遜,1
6,のりだす,1
6,ピーナッツ,1
6,三四郎,1
6,こんちくしょう,1
6,ホットライン,1
6,厳戒,1
6,箴言,1
6,因習,1
6,焼き餅,1
6,交響曲,1
6,野嶋,2
6,蕾,1
6,蓮沼,1
6,阿吽,1
6,他称,1
6,梅川,2
6,釜山,2
6,勘ぐる,2
6,垂涎,1
6,残り物,1
6,マンガン,4
6,河島,2
6,蒲田,5
6,ねちっこい,1
6,濃縮,2
6,暴露,1
6,告別,1
6,見劣り,1
6,立ち向かえる,1
6,ほくろ,1
6,蝶,4
6,琺瑯,1
6,水流,1
6,大脳皮質,2
6,パンタロン,2
6,カタルーニャ,1
6,シャフト,1
6,マサル,1
6,探知,1
6,悪名,1
6,寸断,1
6,仁美,1
6,クリームチーズ,1
6,言い返せる,1
6,素手,1
6,襄,1
6,おら,1
6,覧,1
6,毛並み,1
6,きた,1
6,ジュール,2
6,やれやれ,1
6,くに,1
6,総一,1
6,無地,2
6,写し出す,1
6,健三,2
6,さく,1
6,真知子,1
6,つめこめる,1
6,諭,1
6,諺,1
6,和世,1
6,すじ,1
6,和之,1
6,改まる,1
6,ずくめ,1
6,煙たい,1
6,光林寺,1
6,シャトー,1
6,座長,1
6,和仁,1
6,上高地,1
6,垂ぜん,1
6,根津,1
6,ミサイル,1
6,子守り,2
6,田安,2
6,ポーチ,1
6,邦衛,1
6,吉彦,1
6,活劇,1
6,望遠,1
6,じわっ,2
6,なう,1
6,冷や水,1
6,とむ,1
6,濡らす,1
6,塗りたくる,1
6,ロマンス,1
6,天橋立,1
6,死角,1
6,桟橋,1
6,軟らかい,1
6,オープンカー,1
6,伊集院,2
6,拳銃,5
6,杉谷,1
6,おだてる,1
6,書院,1
6,足早,1
6,死語,1
6,藤堂,1
6,ステッチ,1
6,無宿,1
6,狙い打つ,1
6,しでかす,1
6,言外,1
6,サボテン,1
6,喧々,1
6,じゅうぶん,1
6,バカげる,1
6,隊員,1
6,印画,1
6,遊離,1
6,めす,1
6,駒澤,2
6,めど,2
6,烏有,1
6,必着,1
6,雅也,2
6,邪,1
6,西橋,1
6,達雄,2
6,次項,1
6,咆哮,1
6,清める,2
6,リンケージ,1
6,テレビ山梨,2
6,豪邸,1
6,筒抜け,2
6,へーっ,1
6,水石,3
6,タクト,1
6,浄土,1
6,小沢,1
6,まがう,1
6,無心,1
6,破れ目,1
6,じょうぶ,1
6,を以て,1
6,息巻く,1
6,立教大,1
6,さしかえる,1
6,人語,1
6,加賀屋,1
6,鎌,2
6,公会堂,1
6,快癒,1
6,厳然,1
6,ミント,1
6,ロビイスト,1
6,難事,1
6,脱脂綿,1
6,ませる,1
6,９つ,1
6,福屋,2
6,快眠,1
6,磁界,1
6,けん制,1
6,倦怠,1
6,相入れる,1
6,高品,2
6,タピオカ,1
6,立方体,2
6,千駄木,1
6,号機,3
6,国費,1
6,食い合う,2
6,除ける,1
6,ストラスブール,1
6,キズ,1
6,生化学,2
6,土佐湾,1
6,肉薄,2
6,ノーギャラ,2
6,雲仙,1
6,敬久,1
6,野良犬,4
6,しめやか,1
6,ぶち壊す,2
6,捏造,1
6,薄毛,1
6,倍数,1
6,保正,2
6,凄み,1
6,目と,1
6,上士幌,2
6,徳之島,5
6,みこす,1
6,残金,1
6,無気力,1
6,クラスタ,1
6,山盛り,1
6,続投,1
6,メモリ,2
6,伝言板,2
6,はなせる,2
6,栄耀,1
6,各氏,1
6,ツル,2
6,モニカ,1
6,ほくそ笑む,1
6,吉池,3
6,ウォーク,4
6,パチ,2
6,こころざす,1
6,文人,1
6,板野,1
6,みのり,2
6,ぜりふ,3
6,多値,1
6,ヒビ,1
6,隔年,1
6,体罰,1
6,やらかす,2
6,ベタベタ,1
6,ホンジュラス,2
6,下ろせる,1
6,住職,1
6,嘆き,1
6,やいなや,1
6,クラクラ,1
6,ガンバ大阪,1
6,税収,2
6,たわむれる,1
6,夕刻,1
6,高官,1
6,寄りかかる,1
6,コピーライト,1
6,天現寺,1
6,ギャング,2
6,使節,1
6,毛細血管,1
6,今里,2
6,ガミガミ,1
6,厚紙,1
6,リサ,1
6,ルイ,1
6,楽園,1
6,語呂,1
6,たいす,1
6,繰上,1
6,勝どき,1
6,ワニ,10
6,くわえる,1
6,息災,1
6,阪神タイガース,1
6,浩平,1
6,きょとん,1
6,酔いしれる,1
6,僚友,1
6,モンテカルロ,1
6,たがう,1
6,残飯,1
6,供え物,1
6,島崎,1
6,ローバー,5
6,彫り込む,2
6,就ける,1
6,山海,1
6,バクテリア,1
6,北秋田,1
6,もたつき,1
6,油田,1
6,失効,1
6,ヒマラヤ山脈,1
6,付け替える,1
6,しっかい,1
6,勝れる,1
6,乗りこえる,1
6,利回り,1
6,チューバ,1
6,日本ビクター,2
6,外圧,1
6,宣行,1
6,総本山,1
6,踏み絵,2
6,上乗せ,1
6,シェイプ,1
6,換言,1
6,探り当てる,2
6,後見人,1
6,惚れ込む,1
6,高所,1
6,立命館大,1
6,バンパイア,1
6,並行輸入,1
6,バッキンガム,1
6,インテリ,1
6,品性,1
6,催し物,1
6,体裁,2
6,電気通信大,1
6,大場,1
6,デコード,1
6,哀悼,1
6,ツイン,1
6,与る,2
6,秀明,2
6,爪先,1
6,逃げ回る,1
6,里紗,2
6,奇問,1
6,和栗,5
6,静六,1
6,友美,1
6,刷る,1
6,クリプトン,3
6,魔よけ,1
6,可用性,1
6,ヘリウム,1
6,銅板,1
6,川久保,1
6,結社,1
6,編曲,1
6,泡盛,1
6,褒賞,1
6,メーキャップ,1
6,岩渕,2
6,オンワード,2
6,変幻,1
6,泥仕合,1
6,片側,1
6,お上,1
6,悉皆,1
6,ユダヤ,1
6,水質,1
6,生まれつき,2
6,ごつごつ,1
6,生まれでる,1
6,痛手,1
6,放散,2
6,ギンギン,1
6,発作,1
6,ロープウエー,2
6,水路,1
6,末広がり,1
6,増渕,1
6,無病,1
6,島村,4
6,減収,1
6,キャンベラ,1
6,辞する,1
6,替る,2
6,スケーター,1
6,遍い,1
6,日勤,1
6,稲川,2
6,サブシステム,1
6,廃る,1
6,この方,1
6,キングコング,1
6,野良,6
6,東京学芸大学,1
6,水運,1
6,ビー玉,1
6,興じる,1
6,錬金術,1
6,慢性,1
6,携行,1
6,売春,1
6,新宝,1
6,休養,1
6,踏破,1
6,横光,1
6,立川談志,1
6,やり直せる,1
6,ユリカ,4
6,町立,1
6,聞きだす,1
6,結び方,1
6,百合,1
6,新島,1
6,ともども,1
6,日割り,1
6,潤む,1
6,嫁ぐ,2
6,イッセー尾形,1
6,泣きごと,1
6,手ほどき,1
6,深川,3
6,槙島,2
6,牧口,3
6,間野,2
6,総合大学,1
6,大拙,1
6,博雄,1
6,成仏,1
6,マイクロバス,1
6,理化学研究所,1
6,テキサス大,1
6,新庄,1
6,やぶる,1
6,寄せ付ける,1
6,海淵,1
6,昌司,1
6,捕らわれる,1
6,お歳暮,1
6,三が日,1
6,公司,1
6,にぎやかす,1
6,公告,1
6,借入金,1
6,無給,1
6,すくえる,1
6,黒田,1
6,東大阪,1
6,源右衛門,1
6,長靴,4
6,評点,1
6,搬送,1
6,アンテナショップ,1
6,あくび,1
6,川向,1
6,精霊,1
6,小豆,1
6,間引く,1
6,あさひ,1
6,点てる,2
6,スレスレ,1
6,逆さま,2
6,しょっぱい,1
6,花鳥風月,2
6,私用,1
6,盛会,1
6,ラット,1
6,所与,1
6,一輪車,1
6,引っ,1
6,横浜アリーナ,1
6,いくらか,1
6,安齋,1
6,奇数,1
6,ぶっつけ,1
6,店屋物,1
6,田町駅,1
6,カンニング,2
6,アクセサリ,1
6,下ごしらえ,6
6,取り切れる,1
6,喧噪,1
6,商才,1
6,愛玩,1
6,金切り声,1
6,旧弊,1
6,ラムネ,1
6,貴金属,1
6,音信,1
6,新春,1
6,上小阿仁,1
6,苗床,1
6,儒教,1
6,昌孝,1
6,洗脳,1
6,同い年,3
6,へとへと,1
6,ハイファイ,1
6,さっさと,1
6,ジョニー,1
6,昨夏,1
6,厚顔,1
6,お嬢様,1
6,フィラデルフィア,1
6,目元,1
6,寝顔,1
6,リバー,1
6,小鉢,1
6,西野,2
6,出稼ぎ,1
6,治まる,1
6,清明,1
6,身じろぐ,1
6,目処,1
6,ミレニアム,1
6,閑古鳥,1
6,熟眠,1
6,隔絶,1
6,滝つぼ,1
6,近似,1
6,茨城,1
6,墨絵,1
6,取り急ぎ,1
6,レイラ,2
6,パシフィックコンサルタンツ,1
6,妹島,1
6,デルファイ,1
6,再婚,1
6,じんましん,1
6,リサイタル,1
6,亀の井別荘,1
6,眠たい,1
6,大潮,1
6,読み出し,1
6,考え出せる,1
6,噴き出す,1
6,アルザス,1
6,すくない,1
6,桜餅,1
6,折り紙付き,1
6,湯島,2
6,急須,1
6,いどむ,1
6,供養,3
6,ウラン,1
6,奏法,1
6,旧暦,7
6,鋳物,2
6,いびき,1
6,ちらりと,1
6,鬼怒川,1
6,ギガバイト,1
6,プラカード,1
6,うすうす,1
6,側聞,1
6,奔流,1
6,ののしる,1
6,詩篇,1
6,彫る,1
6,哲男,1
6,延ばせる,1
6,先送り,1
6,逆上,1
6,狂奔,1
6,ぶち込む,2
6,贔屓目,1
6,きわめる,1
6,賜る,1
6,訊ねる,1
6,異性愛者,1
6,踏み越える,1
6,慣用,1
6,滑り降りる,1
6,省エネルギー,1
6,小骨,1
6,いらう,1
6,ふっ飛ぶ,1
6,真向,1
6,利一,1
6,タイラー,1
6,行き過ぎ,1
6,ルーズ,1
6,作りだす,2
6,常夫,2
6,降車,1
6,日比谷公園,1
6,取り分ける,1
6,とっぴ,1
6,うなじ,1
6,荒山,2
6,洗足,3
6,蜜月,1
6,竹彦,1
6,気構え,2
6,イーグル,2
6,鑑三,2
6,ロハス,1
6,引っ掛ける,1
6,暴君,1
6,年号,1
6,蓄え,1
6,高菜,1
6,立方,1
6,妻有,1
6,福島中央テレビ,1
6,古本屋,1
6,池上線,14
6,担任,1
6,守り抜く,1
6,ワイヤ,1
6,産院,1
6,猪口,1
6,オッズ,1
6,各駅,1
6,内村,3
6,和解,1
6,ありったけ,1
6,いままで,1
6,姻戚,1
6,音感,1
6,換え,1
6,三品,1
6,布施,2
6,矢ケ崎,3
6,持ち帰り,1
6,車線,1
6,道久,8
6,こねくる,3
6,有二,1
6,実り,1
6,他人事,1
6,入れ子,1
6,鼻腔,1
6,倍音,1
6,ハイジャック,2
6,高覧,1
6,クッキング,2
6,積立,1
6,猛威,1
6,上坂,3
6,変色,1
6,樹液,1
6,四天王,1
6,カッパ,2
6,エディタ,1
6,写楽,1
6,無類,2
6,持主,1
6,ファッションモデル,1
6,田高,1
6,あぶりだす,1
6,買い占める,1
6,運勢,1
6,等席,1
6,昭治,1
6,豊作,1
6,そうとう,1
6,エレガンス,1
6,罪深い,1
6,補てん,1
6,熟読,1
6,微積分,1
6,連夜,1
6,判子,1
6,奏する,1
6,マッケンロー,1
6,如何に,1
6,アイスキャンデー,1
6,読みさす,1
6,筑後,2
6,習合,1
6,富国強兵,1
6,鳥瞰図,1
6,辻本,1
6,黒パン,3
6,上客,2
6,脂っこい,1
6,駄々,1
6,デバッギング,1
6,高輪,1
6,キスマーク,1
6,焼香,1
6,朝鮮日報,1
6,ハブラシ,1
6,発着,4
6,その時,1
6,武人,1
6,一席,1
6,読みふける,1
6,幻影,1
6,ハーディング,1
6,英男,1
6,蜃気楼,1
6,エピローグ,1
6,築地ビル,1
6,一座,1
6,おかえし,1
6,今にも,1
6,キチッ,1
6,連峰,1
6,耳より,1
6,サヨナラ,1
6,テクニシャン,1
6,小笠原,2
6,起つ,1
6,遊女,2
6,こてこて,1
6,努,1
6,総なめ,2
6,真昼,1
6,奥羽,1
6,清聴,1
6,一意,1
6,おのれ,2
6,戦災,1
6,亡き人,1
6,別売り,1
6,久夫,1
6,五分五分,2
6,西日暮里,1
6,ファクス,1
6,集金,1
6,西新宿,1
6,功労,1
6,かしわ,2
6,静聴,1
6,延命,1
6,爆薬,1
6,呼,1
6,やり口,3
6,歓喜,1
6,咲,1
6,享一,1
6,須永,1
6,かつお,1
6,太陰暦,2
6,魚眼レンズ,1
6,出歩ける,1
6,マッシュポテト,1
6,たたきあげる,1
6,マニピュレーション,2
6,エミリー,2
6,刀根,1
6,見合わせる,1
6,びっしょり,1
6,編み上げる,1
6,写生,1
6,標ぼう,1
6,しくじる,1
6,送り込める,1
6,ヒーター,1
6,ヨネックス,1
6,理工学部,1
6,珠代,1
6,遥子,1
6,攻め込む,1
6,顕教,1
6,物納,1
6,埒,1
6,教職員,2
6,連接,1
6,ホームスタジアム,3
6,キース,1
6,高須,4
6,塗,2
6,美春,2
6,剣幕,1
6,カナリア,1
6,のぞむ,1
6,サラリと,1
6,塵,1
6,弱冠,1
6,うれし泣き,1
6,茶瓶,1
6,今中,1
6,川端,1
6,海面,1
6,剛志,1
6,かぶれ,1
6,機知,1
6,身銭,1
6,取り回す,1
6,三景,1
6,神戸芸術工科大学,1
6,等比,1
6,独演,1
6,がぜん,1
6,オブラート,1
6,サラリー,1
6,姦,1
6,ブラブラ,1
6,正太,1
6,投機,2
6,武夫,1
6,バロン,2
6,ギルド,2
6,ブレイディ,1
6,ジリ貧,1
6,激務,1
6,弾力,1
6,空虚,1
6,朝廷,1
6,コロシアム,1
6,バント,1
6,プルーフ,1
6,管掌,1
6,主成分,1
6,貸切,2
6,越せる,1
6,彰久,1
6,屈す,1
6,武家,1
6,プレハブ,1
6,四声,1
6,信濃毎日新聞,1
6,羊毛,1
6,ハミルトン,1
6,現出,1
6,現前,1
6,行きずり,1
6,前書,1
6,歯医者,1
6,潰せる,1
6,織りまぜる,1
6,強圧,1
6,演武,1
6,許認可,1
6,勇壮,1
6,英華,1
6,供える,1
6,退潮,1
6,斟酌,1
6,徐,2
6,弾圧,1
6,ジャマイカ,1
6,パーカー,1
6,近畿,1
6,勇姿,1
6,車間,2
6,有明,1
6,乗換,1
6,まつわりつく,1
6,戦線,1
6,芳賀,1
6,外需,3
6,驕る,1
6,突き出る,1
6,輪読,1
6,えりすぐる,1
6,グラブ,2
6,愚,1
6,奇天烈,1
6,平然,1
6,有朋,1
6,在原,1
6,サンマーク,1
6,掘削,1
6,短小,1
6,踏ん張れる,2
6,乗数,1
6,助役,1
6,ぎゅっと,1
6,未解決,1
6,手筋,2
6,七瀬,1
6,ぜい肉,1
6,レイテ島,1
6,直筆,1
6,東山,1
6,オースチン,1
6,お下がり,1
6,セッター,1
6,初版,1
6,ひかえる,1
6,くさや,1
6,推力,1
6,横浜国大,1
6,メキシコシティ,3
6,大風,1
6,徳三,1
6,サバンナ,1
6,貴公子,1
6,卓上,1
6,アンプラグド,3
6,めざとい,1
6,どんより,1
6,インタプリタ,1
6,深長,1
6,行き止まり,1
6,おそるべき,1
6,リュブリャナ,1
6,砂川,1
6,食指,1
6,伸之,1
6,ベッドタウン,1
6,建て直す,1
6,ひしぐ,1
6,時おり,1
6,五指,1
6,前澤,3
6,愛弟子,1
6,風の神,1
6,切り餅,1
6,書き散らす,1
6,真っ当,2
6,言い伝える,2
6,今一つ,1
6,ぴんぴん,1
6,武晴,1
6,連れ立つ,1
6,討つ,1
6,上長尾,1
6,カトマンズ,2
6,節気,1
6,水上,8
6,ヒリヒリ,1
6,仲立ち,3
6,歓楽,1
6,門下,1
6,突っ伏す,1
6,内観,1
6,貫太郎,1
6,仏師,1
6,綴り,1
6,ほとぼり,1
6,長倉,1
6,ムンムン,1
6,光量,1
6,より分ける,1
6,槍,1
6,晴臣,1
6,ミキサー,1
6,東京理科大学,1
6,新駅,5
6,鎌谷,1
6,ニュースレター,1
6,水たまり,1
6,スロベニア,1
6,分節,2
6,土砂降り,1
6,御茶の水,1
6,並べて,1
6,手編み,1
6,配剤,1
6,再認,3
6,南原,2
6,はつらつ,1
6,仏性,1
6,払い戻し,1
6,蘇る,1
6,ちまちま,1
6,入道,5
6,る説,1
6,色付け,2
6,勤労感謝の日,1
6,かまくら,1
6,ほうこう,1
6,低利,1
6,大同団結,1
6,中産,1
6,けだし,1
6,北島,1
6,サウナ,1
6,他意,1
6,切り崩し,1
6,ゴハン,1
6,話し手,1
6,洲,1
6,セーラー服,1
6,東亜日報,1
6,見にくい,1
6,けなげ,1
6,太陽系,2
6,八重,1
6,不穏,1
6,嘉英,1
6,桂三,1
6,武洋,1
6,モノレール,1
6,道連れ,1
6,カサカサ,1
6,家名,1
6,畳みかける,1
6,サブリミナル,1
6,飛び越す,1
6,天の川,1
6,金刀比羅宮,2
6,星野,3
6,離着陸,1
6,データファイル,1
6,コーナ,1
6,今時,2
6,ゴリ押し,1
6,デュアル,9
6,伊勢参り,2
6,ドリブル,1
6,こける,1
6,直言,1
6,揺さぶり,2
6,大人びる,1
6,一義,1
6,航空公園,1
6,サニー,1
6,初耳,1
6,集い,2
6,爺,2
6,青二才,1
6,戸越,3
6,気密,1
6,詣る,2
6,狆,1
6,カメレオン,1
6,メージャー,1
6,笑い転げる,1
6,なんなく,1
6,査定,1
6,得心,2
6,伸子,1
6,腕試し,1
6,宗将,3
6,部材,3
6,安川,2
6,寡占,1
6,北日本新聞社,2
6,近見,1
6,近親,1
6,志士,1
6,大同小異,1
6,青臭い,1
6,相貌,1
6,超新星,1
6,酒宴,1
6,木目,1
6,守役,1
6,友作,1
6,同友会,1
6,抱き上げる,1
6,アサツキ,2
6,引き続ける,1
6,由,1
6,気おされる,1
6,きまぐれ,2
6,真裏,1
6,長居,1
6,売り,1
6,篤男,1
6,耽溺,1
6,アフレコ,1
6,引き裂く,1
6,テクノクラート,1
6,清水寺,1
6,宗彦,1
6,伸張,1
6,眠,1
6,菜美,1
6,佐山,3
6,リラクゼーション,1
6,巨頭,1
6,塩辛い,1
6,大道具,1
6,導出,2
6,矩,1
6,ニンジン,1
6,宍戸,1
6,衆知,1
6,削れる,1
6,滑走,1
6,ふらり,1
6,密封,1
6,撃ちまくる,1
6,ぐにゃぐにゃ,1
6,職業病,1
6,哮る,1
6,禁,1
6,掘り出し物,1
6,ころり,1
6,だだっ広い,1
6,不正確,1
6,白っぽい,1
6,級友,1
6,思い知らせる,1
6,額装,1
6,ザード,1
6,西口,1
6,穗,1
6,刈り取れる,1
6,竜馬,2
6,ワークス,1
6,うなづく,1
6,四万十川,1
6,列記,1
6,トラスト,1
6,建立,1
6,ソフトウェアシステム,1
6,返還,1
6,坊っちゃん,1
6,エシャロット,1
6,銅メダル,1
6,住み込み,1
6,算,1
6,コーポレーション,1
6,ボルテージ,1
6,殖産,1
6,立ち込める,1
6,修二,1
6,領野,1
6,日比谷線,1
6,容態,1
6,キリシタン,3
6,粗暴,1
6,久が原,1
6,小坂,1
6,松男,1
6,同値,2
6,焼け死ぬ,1
6,アジアン,1
6,追っかけ,1
6,通説,1
6,宣教,1
6,日本漢字能力検定協会,1
6,厳守,1
6,口直し,1
6,予告編,1
6,取りつくろう,1
6,請い,1
6,定本,1
6,筋違い,1
6,届出,1
6,考え違い,1
6,出遅れる,1
6,弱々しい,1
6,エルトン,2
6,磁性,4
6,心服,2
6,付け足す,1
6,色あせる,1
6,京王プラザホテル,1
6,ジャブ,1
6,更衣,1
7,しくむ,1
7,強硬,1
7,進言,1
7,不買,1
7,狭間,1
7,べとべと,1
7,一身,1
7,肥,1
7,ディスカバリー,1
7,友子,1
7,水本,1
7,七輪,1
7,小宴,1
7,十河,1
7,岡山放送,1
7,千波,1
7,ゆがめる,1
7,千洋,1
7,差し押さえ,1
7,芳,1
7,甘酸っぱい,1
7,カフェラテ,1
7,博次,1
7,渋々,1
7,ちゃんこ,1
7,受け付け,2
7,祝典,1
7,憩い,1
7,獅子奮迅,1
7,下せる,1
7,奨め,1
7,遡行,1
7,コンバート,1
7,マンダム,1
7,瀧澤,1
7,薬味,1
7,解凍,5
7,ニードル,1
7,理研,1
7,鉄人,1
7,借入,1
7,いきおい,1
7,しぶい,1
7,はなやか,3
7,ダーバン,3
7,棚卸,1
7,マットレス,1
7,町名,1
7,ジャッド,2
7,しめす,1
7,単細胞,2
7,借り手,1
7,アダムス,1
7,のりきる,1
7,無双,1
7,蛍,1
7,大和撫子,1
7,温い,1
7,抱え込む,1
7,阿嘉,1
7,おじけづく,1
7,富樫,1
7,俊平,1
7,反戦,2
7,むずむず,1
7,田坂,1
7,持ち込める,1
7,鉄分,2
7,年額,1
7,粉じん,1
7,生姜,1
7,両極端,1
7,うず,1
7,うに,1
7,ジュンコ,1
7,ソフィア,1
7,えい,1
7,シドニー大学,1
7,柴犬,1
7,おし,1
7,おこ,1
7,九谷,2
7,投融資,1
7,下院,2
7,歓談,1
7,若し,1
7,ジュリア,1
7,独りよがり,1
7,居川,1
7,すてる,1
7,すり減らす,2
7,こく,1
7,垢抜ける,1
7,拝金,1
7,すたる,1
7,社屋,1
7,テカテカ,1
7,ジョイス,1
7,しば,1
7,すえ,1
7,健介,1
7,半生,2
7,へらへら,1
7,手ぶら,1
7,風車,1
7,彼等,1
7,そご,1
7,寛永,1
7,こきまぜる,1
7,琉球朝日放送,1
7,長物,1
7,ものがたる,1
7,破線,2
7,坐禅,1
7,電通北海道,2
7,さまたげる,1
7,ウェディング,2
7,得票,1
7,火入れ,1
7,でく,1
7,法廷,1
7,賛,1
7,胃痛,1
7,のし,1
7,ぎゅうぎゅう,1
7,はし,1
7,水玉,3
7,のろ,1
7,大当たり,3
7,山居,1
7,腐敗,1
7,厳正,1
7,ばる,1
7,ひす,1
7,乗り移る,1
7,マルク,5
7,ゴールイン,2
7,映り,1
7,こけら落とし,1
7,すれる,1
7,阪急,2
7,ほお,1
7,きょうがく,1
7,中須,1
7,練り歩く,1
7,バトラー,1
7,くどきおとす,1
7,ほれぼれ,1
7,抱き込む,1
7,カトリック,2
7,腹立たしい,1
7,シマウマ,1
7,ホストファミリー,1
7,或は,1
7,ぽっと,1
7,地色,1
7,森岡,5
7,鉢巻き,1
7,ゐる,1
7,間男,1
7,四足,1
7,小豆色,1
7,片栗粉,2
7,原版,1
7,備え付け,1
7,戦ふ,1
7,肉色,1
7,浮動,1
7,あったかい,1
7,ソロアルバム,1
7,高草木,8
7,秋吉,2
7,豊雄,1
7,蝕む,1
7,今西,3
7,居残る,2
7,鐵,1
7,木陰,1
7,アク,4
7,アシ,1
7,御者,1
7,放列,1
7,戴く,1
7,トロント,2
7,一人っ子,1
7,オシ,1
7,くい止める,1
7,綾子,1
7,こころみる,1
7,冷え,2
7,場末,1
7,ワーグナー,1
7,カビ,1
7,ガロ,1
7,雅史,1
7,タック,1
7,ダクト,1
7,実線,2
7,停学,1
7,隋,1
7,メタンガス,1
7,私塾,1
7,部課,1
7,周平,1
7,鳴門,1
7,やっとこ,1
7,しみ込む,1
7,バッチリ,1
7,地裁,1
7,ミノルタ,1
7,崇史,1
7,うちたてる,1
7,いのうえ,1
7,区割り,1
7,電信,1
7,三菱自動車,2
7,会葬,1
7,烈火,1
7,野点,1
7,トキ,1
7,デル,1
7,ナゾ,1
7,ドロ,6
7,ドイツマルク,1
7,ユニフォーム,1
7,オイルショック,3
7,ネギ,4
7,天上,1
7,験,1
7,据え付ける,1
7,見物,1
7,ヒマ,2
7,巨人軍,3
7,変則,2
7,吐しゃ,1
7,シャンシャン,1
7,大仏,1
7,ブイ,2
7,度重なる,1
7,クラウス,1
7,ピアニスト,1
7,ご馳走様,1
7,ボイスレコーダー,1
7,飼い慣らす,1
7,引き替える,1
7,性癖,1
7,ベラ,2
7,軍備,1
7,鈴村,1
7,鮪,2
7,考へる,1
7,滔々,1
7,大倉,1
7,北谷,1
7,森村,2
7,がっしり,2
7,ひんやり,1
7,交雑,1
7,パーソナルコンピュータ,1
7,断ち切れる,1
7,しゃんと,1
7,ローレン,1
7,モリス,1
7,追い出す,3
7,モールス,1
7,同然,1
7,ハードボイルド,1
7,弱音,1
7,外商,2
7,河畔,1
7,考えごと,1
7,魚住,1
7,頻々,1
7,新任,3
7,文名,1
7,もたつく,1
7,刈り,1
7,スカッシュ,2
7,嘯く,1
7,お釣り,2
7,へきえき,1
7,濁音,1
7,突っこむ,1
7,もうす,1
7,ログアウト,1
7,ダート,1
7,しゃぶしゃぶ,2
7,たたき上げる,1
7,雄彦,1
7,吸湿,1
7,並び方,1
7,新光,1
7,霜降り,1
7,シリコン,1
7,誤報,1
7,みちのく,1
7,年の暮れ,1
7,一番鶏,1
7,今頃,2
7,エスプレッソ,2
7,ぞろい,1
7,北海道庁,1
7,こうちゃく,1
7,ヘルスセンター,2
7,たのむ,1
7,ホロウィッツ,1
7,累積,1
7,毛頭ない,1
7,堆積,2
7,天地,1
7,藤沢,1
7,もたす,1
7,取り扱える,1
7,多摩美,1
7,漕ぐ,1
7,真昼間,1
7,蝶々夫人,1
7,凍りつく,1
7,たもと,1
7,情況,1
7,ヤモリ,1
7,解かす,1
7,河童,1
7,スワップ,1
7,晒せる,1
7,山猿,1
7,抗する,1
7,教徒,1
7,浜本,2
7,はげしい,1
7,ボーカリスト,1
7,立ち消え,1
7,終章,1
7,たんか,1
7,夜宴,1
7,つきつめる,1
7,ジェトロ,1
7,お祈り,1
7,挟める,1
7,おちょくる,1
7,大宅,1
7,町田,1
7,総武,1
7,漲る,1
7,半量,1
7,新垣,2
7,同窓,1
7,雅春,2
7,芳和,1
7,官邸,1
7,首輪,1
7,急落,2
7,品数,1
7,アメリカ大使館,1
7,ジャラジャラ,1
7,アウトバーン,1
7,助け船,1
7,隠れ家,1
7,大工,1
7,やから,1
7,おどろく,1
7,アフタ,1
7,綾瀬,1
7,卯辰,1
7,軍役,1
7,先だつ,1
7,取りまわす,1
7,鬼平,1
7,スペクトル,1
7,従順,1
7,たらしい,1
7,清塚,2
7,慎ましい,1
7,重荷,1
7,悲痛,2
7,思いきる,1
7,右腕,1
7,繰り延べ,1
7,ゴマ油,1
7,私淑,1
7,抱き合う,1
7,塾生,1
7,紺色,2
7,遣る,1
7,員数,1
7,法政大学,1
7,キョロキョロ,1
7,ざわざわ,1
7,ボローニャ,1
7,ヘルニア,1
7,渾名,1
7,アリア,1
7,女声,1
7,和え物,1
7,脂身,1
7,支流,2
7,ルー大柴,1
7,馴染める,1
7,多摩,2
7,紙袋,1
7,山系,1
7,極楽,1
7,いさめる,1
7,洗礼,1
7,どっしり,1
7,テッド,1
7,ニャンと,1
7,手振り,1
7,ライチ,1
7,ちらつく,1
7,〒,1
7,珪藻土,1
7,薄力粉,4
7,市中,1
7,悪条件,1
7,スカーレット,1
7,心斎橋,1
7,それとなく,1
7,丸まる,1
7,リレハンメル,1
7,下河辺,2
7,気魄,1
7,難波,1
7,あずき,1
7,女々しい,3
7,花弁,1
7,茶会,3
7,靖彦,1
7,差し支える,1
7,文枝,1
7,喚問,1
7,大阪城,2
7,旋律,1
7,くつがえす,2
7,間隙,1
7,大柄,1
7,踏み倒す,1
7,うじうじ,1
7,自画像,1
7,数次,1
7,靖恵,1
7,持たす,1
7,色眼鏡,1
7,里谷,3
7,トキワ,2
7,斡旋,1
7,横断幕,1
7,あっけ,2
7,こそこそ,1
7,あはれ,1
7,結衣,2
7,イケックス工業,1
7,御の字,1
7,ボーイフレンド,1
7,検算,1
7,旧式,2
7,たわいない,1
7,智一,1
7,入室,1
7,静まる,1
7,飛び跳ねる,1
7,入局,1
7,ゼンマイ,1
7,間髪,1
7,入山,1
7,肝煎り,1
7,全局,1
7,我執,1
7,小刻み,1
7,玉三郎,1
7,濁す,1
7,断じて,1
7,詩的,4
7,あまつさえ,1
7,細道,1
7,天海,1
7,良港,1
7,のしかかる,1
7,市域,1
7,諸星,1
7,内子,1
7,異臭,1
7,トホホ,3
7,どんぶり勘定,1
7,よどむ,1
7,沖縄大,1
7,いっこ,1
7,頭上,1
7,治部,1
7,星川,6
7,踏ん切り,1
7,選び出す,1
7,じわりと,1
7,やわらぐ,1
7,早春,1
7,東映太秦映画村,2
7,早晩,2
7,代え,1
7,ハロゲン,1
7,ピーター,3
7,再帰,2
7,文化放送,1
7,大二郎,1
7,てめえ,1
7,円形,1
7,急騰,1
7,画用紙,1
7,いたずらに,1
7,肉付き,1
7,ワイルド,1
7,誤らせる,1
7,といふ,1
7,三菱銀行,1
7,独唱,1
7,だんじり,2
7,俊雄,1
7,商法,1
7,ミョウガ,1
7,押し通す,1
7,うかぶ,1
7,移管,2
7,説き伏せる,2
7,別件,5
7,晋平,1
7,岸和田,1
7,幻像,1
7,ガンジス,2
7,岡山大,1
7,課目,1
7,エッセイスト,1
7,勝鬨橋,1
7,四面楚歌,1
7,プッチーニ,1
7,大目,1
7,再掲,1
7,寝静まる,1
7,たおやか,1
7,はずせる,1
7,ひけらかす,1
7,茂木,5
7,詰め替える,1
7,ペコペコ,1
7,深田,3
7,脱がせる,1
7,かんきつ類,1
7,太秦,2
7,カイロ,4
7,屏風,2
7,がぶがぶ,1
7,慶祝,1
7,修養,2
7,三友,1
7,称える,1
7,なぎさ,4
7,ホーキング,1
7,だいご味,1
7,ボンディング,1
7,送り先,2
7,夏みかん,1
7,ビデオオンデマンド,1
7,波風,1
7,なごや,1
7,とんだ,1
7,庭先,1
7,オハラ,1
7,白濁,1
7,参事官,1
7,莉子,1
7,住友電工,1
7,切れ端,1
7,渦状,1
7,ハイペース,1
7,言いよう,1
7,まん延,1
7,ローラ,1
7,横溢,1
7,三國,1
7,新種,1
7,ろうと,1
7,一皮むける,1
7,拙劣,1
7,なつく,1
7,すくなくとも,1
7,鯖江,7
7,真庭,3
7,逢坂,1
7,リモートセンシング,1
7,取り合える,1
7,中和,1
7,平尾,1
7,ケ月,1
7,平岡,1
7,金太郎あめ,1
7,アビーム,1
7,封じ込める,1
7,オールスター,1
7,側近,1
7,ホーマー,1
7,緑野,1
7,海賊,1
7,公爵,1
7,利子,1
7,エアバス,1
7,仇,2
7,眼底,1
7,着席,1
7,熊野灘,1
7,モーターバイク,1
7,床屋,1
7,白痴,1
7,衆人,1
7,神がかり,1
7,押し込む,2
7,不屈,1
7,寛ぐ,1
7,取り返せる,1
7,雲の上,1
7,倉,1
7,マンドリン,8
7,オートクチュール,1
7,オートマチック,1
7,競泳,1
7,歌劇,1
7,麺類,3
7,儀,1
7,わぁー,1
7,拷問,1
7,茫漠,1
7,冷気,1
7,相楽,1
7,食べ頃,1
7,狂気,1
7,冨,2
7,広志,1
7,ハット,1
7,ハイボール,1
7,さく裂,1
7,高ぶる,1
7,未収,1
7,凸,2
7,ロングラン,1
7,奈々子,1
7,三菱商事,1
7,連年,1
7,おちる,1
7,公権力,1
7,頭数,1
7,如何なる,1
7,共益,1
7,明石,1
7,巻物,1
7,搾る,1
7,買い控え,1
7,ウェストファーレン,2
7,吐き気,1
7,愚鈍,1
7,まっ先に,1
7,宇多田,3
7,生きぬく,3
7,レーシングドライバー,1
7,ハンブル,1
7,暦本,1
7,おもう,1
7,うだうだ,1
7,鍛練,1
7,前座,1
7,アドミニストレーション,1
7,耳打ち,1
7,表具,1
7,発給,1
7,三振,1
7,松中,1
7,ゴージャス,2
7,おもる,1
7,模糊,2
7,バランスシート,1
7,刺戟,1
7,ご苦労さん,1
7,は種,1
7,仁之,1
7,蹴鞠,1
7,義手,3
7,我が家,1
7,顔料,1
7,ケーニヒ,2
7,転調,1
7,入り江,1
7,漁期,1
7,軟着陸,1
7,蓼科高原,1
7,いまだい,2
7,監獄,2
7,放電,2
7,洗い粉,1
7,勘八,1
7,栄養士,1
7,電磁石,1
7,髑髏,5
7,一栄,1
7,手狭,2
7,ひょうへん,1
7,哲郎,1
7,ダイナマイト,2
7,外郭,1
7,貫き通せる,1
7,所用,1
7,新説,1
7,そびえたつ,1
7,比呂志,1
7,発色,1
7,はずす,1
7,宮崎日日新聞社,1
7,豹変,1
7,乱射,1
7,寮,1
7,はだし,1
7,尿,1
7,ぼそぼそ,1
7,公聴,4
7,岬,1
7,年波,1
7,犯科,1
7,恨む,1
7,のりこ,1
7,中日,2
7,込み入る,1
7,不干渉,1
7,仲人,1
7,楽音,1
7,アウフヘーベン,1
7,老師,1
7,クレイ,1
7,入荷,4
7,ぴょんと,1
7,のれる,1
7,字体,1
7,すり寄る,1
7,最早,1
7,代入,1
7,飛立つ,1
7,天守閣,2
7,手裏剣,3
7,徒,4
7,休まる,1
7,抹殺,1
7,一湊,2
7,椎間板,1
7,ウィルス,1
7,書棚,1
7,初潮,1
7,帰社,1
7,多雨,1
7,否や,1
7,大間,1
7,正々堂々,1
7,葉山,2
7,遅ればせながら,2
7,ヒヨコ,3
7,十種競技,1
7,含み,3
7,謎謎,3
7,散髪,1
7,ゴキブリ,3
7,戎,1
7,重ねて,1
7,補修,1
7,きらり,1
7,三菱信託銀行,3
7,アッという間に,1
7,満腹,1
7,ジェファーソン,1
7,掛,1
7,花道,1
7,かけ持ち,1
7,図太い,1
7,汲み上げる,1
7,落ちつき,1
7,前沢,1
7,くだる,2
7,慣れっこ,1
7,全裸,1
7,増ページ,1
7,くだく,1
7,落成,1
7,松下通信工業,1
7,ビーイング,1
7,ビリビリ,1
7,ひがし,1
7,徹也,1
7,転がす,1
7,覚太郎,1
7,漠然,1
7,コシノ,2
7,コクヨ,1
7,客人,3
7,谷沢,1
7,民八,1
7,栄,2
7,高周波,1
7,予断,1
7,ピリッ,1
7,節水,1
7,磨ける,1
7,草花,2
7,條,1
7,それ程,1
7,のっかる,1
7,石戸,1
7,おのずから,1
7,持ち時間,2
7,ワセリン,1
7,徳力,2
7,風来坊,1
7,お通し,2
7,コニカ,1
7,櫻田,4
7,ｍｍ,1
7,くらう,1
7,滞納,1
7,一石,1
7,不発,1
7,共起,1
7,追突,1
7,処罰,1
7,糠漬け,1
7,檄,1
7,スティング,1
7,きっかり,1
7,ひぼう,1
7,柿原,1
7,卸値,1
7,強力粉,3
7,譬える,1
7,奴隷,1
7,博史,1
7,宛名,2
7,府県,2
7,真後ろ,1
7,別もの,1
7,許し,1
7,沙,1
7,静養,1
7,シーラカンス,1
7,顆粒,1
7,長命,1
7,片面,1
7,隠れ,1
7,朝熊,1
7,シーザー,1
7,ハーモニー,1
7,他所,1
7,首っぴき,1
7,馬力,3
7,ばらつく,1
7,住吉,1
7,殖栗,2
7,けまり,1
7,狂言,1
7,婦人画報社,7
7,三菱重工業,1
7,松村,1
7,ふかい,1
7,成道,1
7,団欒,1
7,見えすく,1
7,相補,1
7,二渡,1
7,並立,2
7,飯沢,1
7,初老,1
7,熟,1
7,短気,1
7,徒弟,1
7,嵐が丘,1
7,護身,1
7,目論む,1
7,代替わり,1
7,目分量,1
7,開園,1
7,日興証券,1
7,関経連,2
7,実学,1
7,即売,1
7,閉場,1
7,燃え移る,1
7,やりきれない,1
7,小人,1
7,プラム,1
7,ふとい,1
7,松江,1
7,乱用,1
7,鷹取,2
7,ひとすじ,2
7,建て替え,1
7,折り目,1
7,こわもて,1
7,毅然と,1
7,紀北,5
7,目のあたり,1
7,仮名遣い,1
7,鶴川,1
7,不格好,1
7,まがりなりにも,1
7,三菱,4
7,マツタケ,2
7,永山,1
7,首席,1
7,頬張る,1
7,イメージスケッチ,5
7,瀬戸,1
7,和歌集,1
7,差額,1
7,生長の家,2
7,オーチャード,1
7,座興,1
7,コロコロ,1
7,口当たり,1
7,坂東,2
7,音沙汰,2
7,翻って,1
7,五重塔,1
7,ナイアガラ,1
7,議院,2
7,引き回す,1
7,人災,1
7,右京,1
7,濁点,2
7,空き室,1
7,喧騒,1
7,祝,3
7,祥,1
7,こんぶ,1
7,シンフォニー,2
7,達者,2
7,土浦,1
7,丸腰,1
7,凡退,1
7,西台,6
7,鞭打つ,1
7,看過,1
7,渡れる,1
7,実技,1
7,盗難,2
7,別表,1
7,九州芸術工科大学,1
7,暗転,1
7,ナポレオン,2
7,都落ち,1
7,修一,1
7,デュポン,1
7,かならずしも,1
7,動ずる,1
7,古口,1
7,投げ銭,1
7,恵二,1
7,肉汁,1
7,かたっぱし,1
7,チグハグ,2
7,多摩大,1
7,えんえき,1
7,死神,1
7,インターバル,1
7,シンパ,2
7,滅茶苦茶,1
7,烙印,2
7,まわせる,1
7,スポイル,2
7,瀕死,1
7,俗化,1
7,潜航,1
7,米沢,1
7,シーツ,1
7,シース,1
7,フレーク,3
7,憂え,1
7,球状,1
7,出金,4
7,Ｑ,1
7,原形,1
7,幸輝,1
8,御殿,1
8,ペニシリン,1
8,肥沃,1
8,対岸,1
8,斯く,1
8,香月,2
8,即日,1
8,血脈,1
8,寂びる,1
8,一軸,1
8,行者,1
8,宮本,2
8,子犬,1
8,ツイスト,1
8,飯米,1
8,独壇場,1
8,産前,2
8,息吹,1
8,甘受,1
8,至,1
8,かかりつけ,1
8,波動,1
8,並び立つ,1
8,芦,2
8,祭事,1
8,芹,1
8,しとる,1
8,柳沢,2
8,紐帯,2
8,恒夫,1
8,月見,1
8,弘義,1
8,組みつける,1
8,酷暑,1
8,実母,3
8,友幸,4
8,口実,5
8,言下,1
8,ふっしょく,1
8,撃墜,1
8,潜行,1
8,無理強い,1
8,おそれる,1
8,泰史,1
8,クラブハウス,1
8,ダービー,1
8,切除,1
8,絶叫,1
8,扶養,1
8,分際,1
8,歯茎,1
8,請け合う,1
8,すり込む,2
8,恋する,1
8,ホープ,1
8,藍,1
8,マーガリン,1
8,史家,1
8,点心,1
8,ほうき,2
8,任じる,1
8,可南子,1
8,沢庵,1
8,せんじる,1
8,武蔵,3
8,より目,1
8,久谷,1
8,函館,2
8,法外,1
8,用地,1
8,素性,1
8,後生,1
8,焼き魚,1
8,マコト,1
8,アレクサンダー,1
8,原村,2
8,ボルト,8
8,漸進,1
8,広帯域,2
8,シャピロ,1
8,あき,1
8,隆三,1
8,赤裸々,2
8,東新橋,1
8,フリーエージェント,1
8,あめ,1
8,飲茶,7
8,ボンベ,1
8,盛合せ,1
8,精液,1
8,仔細,1
8,防壁,1
8,各層,2
8,フランシス,1
8,対敵,1
8,襖,1
8,法定,1
8,イメージアップ,1
8,がた,1
8,申し付ける,1
8,きき,1
8,背ける,1
8,いちはやく,1
8,正裕,1
8,綜合,1
8,ボーロ,1
8,日本銀行,1
8,けい,1
8,大村崑,1
8,におわせる,1
8,桜木,1
8,まつりあげる,1
8,ロマンチスト,1
8,華道,1
8,方向付ける,1
8,三面,1
8,さび,3
8,飛び散る,1
8,さや,1
8,しき,1
8,じみる,1
8,じす,1
8,向島,1
8,せく,1
8,昇り,1
8,しいんと,1
8,磁気,1
8,石巻専修大,1
8,試験場,1
8,せり,1
8,せわ,1
8,エレメント,3
8,たか,1
8,美香,1
8,一心不乱,1
8,廃鉱,1
8,侵攻,1
8,瑠璃,1
8,翼賛,3
8,叩きつける,1
8,持ち帰れる,1
8,山あい,1
8,望郷,1
8,富澤,3
8,なを,1
8,ミツワ,3
8,ワッフル,1
8,揺らめく,2
8,コルセット,1
8,はみ,2
8,九郎,1
8,マレー,1
8,ひろ,1
8,タイム・ワーナー,1
8,ぷっつり,1
8,悠子,1
8,マルイ,1
8,縛り付ける,1
8,ぽか,1
8,ほり,6
8,ダウン症,2
8,異国,1
8,アルタミラ,1
8,引き渡す,1
8,古木,1
8,せがれ,1
8,みわ,1
8,ローカルニュース,1
8,ぶん殴る,1
8,島井,1
8,森安,1
8,彩花,1
8,仕上り,2
8,トイザらス,1
8,珍談,1
8,大聖寺,1
8,ちんぷんかんぷん,1
8,ラップタイム,2
8,モーターボート,1
8,伸びやか,1
8,覇権,3
8,わび,2
8,カトラリー,1
8,毛色,1
8,オートキャンプ,2
8,押しまくる,1
8,雲隠れ,1
8,千紘,1
8,各日,2
8,バラつく,1
8,グラタン,1
8,楕円,1
8,古橋,2
8,富田,1
8,西沢,2
8,武重,1
8,サラダ油,1
8,風雪,1
8,休職,1
8,ほろ苦い,1
8,有馬,3
8,梅毒,1
8,明後日,1
8,せかせか,1
8,豪放磊落,1
8,同村,2
8,お仕着せ,1
8,オト,1
8,散乱,1
8,ゆるめる,1
8,舳先,3
8,カナ,1
8,チークダンス,1
8,押し隠す,1
8,ミネラルウオーター,2
8,ホアキン,1
8,エラーコード,1
8,バガボンド,1
8,和夫,1
8,まくれる,1
8,洋才,1
8,サノ,1
8,桐生,1
8,雌,2
8,舟唄,1
8,慎也,1
8,サキ子,1
8,ヒトラー,1
8,みじん,1
8,精米,1
8,あつかう,1
8,サンティアゴ,1
8,ソル,1
8,ゆうゆう,1
8,黒山,1
8,プラットホーム,7
8,ひと息,1
8,オーエン,1
8,ツノ,1
8,弾道,1
8,閉経,1
8,マコーマック,2
8,見定め,1
8,離反,1
8,日商岩井,1
8,友理,1
8,急用,1
8,エキゾチック,1
8,桃の節句,1
8,隆志,1
8,立ち働く,1
8,ビバリーヒルズ,1
8,迎え,1
8,とんでもない,1
8,ヒレ,1
8,フカ,1
8,ソバカス,1
8,フー,1
8,ハッスル,1
8,あらがう,2
8,馬鈴薯,1
8,ヘリ,1
8,きなくさい,1
8,ホモ,4
8,がつがつ,1
8,ポー,1
8,病変,1
8,底なし,1
8,先読み,1
8,卵胞,3
8,詳報,2
8,秋岡,1
8,外力,1
8,煩悩,1
8,隷属,2
8,ユタ,1
8,入りこむ,1
8,文六,2
8,ヨミ,2
8,鳶,1
8,銃弾,1
8,落馬,2
8,レオ,1
8,雅子,1
8,ウエーブ,1
8,とんとん拍子,1
8,疑惑,1
8,すーっ,1
8,ワナ,1
8,リアリズム,1
8,秀徳,1
8,カチューシャ,1
8,ビスケット,1
8,伽藍,2
8,たかる,1
8,下書き,2
8,麓,1
8,若田部,1
8,分つ,1
8,変圧,2
8,貨客船,1
8,藤森,1
8,電圧,1
8,表面張力,2
8,はしたない,1
8,おおっぴら,1
8,無法,2
8,野石,2
8,宮藤,1
8,整地,1
8,ベビーシッター,4
8,独り占め,1
8,閉じこめる,1
8,あんばい,1
8,七人の侍,2
8,及第,1
8,サンドイッチマン,1
8,下水道,1
8,冴えわたる,1
8,坂道,1
8,レークプラシッド,1
8,雑巾,2
8,Ｕターン,5
8,ほお張る,1
8,壱岐,1
8,チラッ,1
8,臨月,1
8,きれい事,1
8,奢侈,1
8,小ぶり,1
8,ガールフレンド,1
8,焚火,6
8,坂野,1
8,巨視的,1
8,藤江,1
8,西早稲田,1
8,吹き出る,1
8,今風,1
8,新日鉄,1
8,日本ダービー,1
8,小田島,3
8,ビーナス,1
8,はた目,1
8,無為,1
8,崇志,1
8,縮尺,1
8,男爵,1
8,パイナップル,1
8,海抜,1
8,集成,1
8,蒐集,1
8,尚紀,1
8,昭和大,1
8,引っ込み,1
8,硝酸,1
8,震え上がる,1
8,小５,2
8,石鹸,8
8,たるみ,1
8,マージン,1
8,あきれる,1
8,十郎,1
8,▲,2
8,光一,1
8,蛇口,2
8,田町,2
8,吹き返す,1
8,焼きそば,3
8,アサリ,1
8,増水,1
8,文子,1
8,エノキダケ,1
8,いさかい,1
8,地球人,1
8,ぶちこわす,1
8,生硬,1
8,サノヤス・ヒシノ明昌,1
8,お代,1
8,発会,1
8,茶碗蒸し,1
8,長身,1
8,縄文,2
8,書き送る,1
8,アルデンテ,1
8,三つ巴,1
8,先入,1
8,とやかく,1
8,受・発信,2
8,慇懃,1
8,英世,1
8,軍平,1
8,区長,1
8,禁ずる,2
8,横井,1
8,吸盤,1
8,謙一郎,1
8,先制,3
8,塩田,1
8,ミュンヘン,3
8,七五三,1
8,つぶつぶ,2
8,ちびる,1
8,右翼,1
8,慢心,1
8,試案,1
8,みつかる,1
8,発券,1
8,出不精,1
8,没落,1
8,就航,1
8,修繕,1
8,鬱憤,1
8,芳夫,1
8,静夫,2
8,安静,2
8,縫い合わせる,1
8,愛欲,1
8,芸大,4
8,左京,1
8,全判,1
8,明利,1
8,妙味,1
8,こっとう,1
8,鉄矢,1
8,ミゼット,2
8,花嫁,1
8,高温,1
8,侵蝕,1
8,謦咳,1
8,海浜,1
8,由緒,1
8,商家,2
8,共助,3
8,牽制,1
8,隅田,2
8,軍資金,1
8,辿れる,1
8,ライフサイクル,1
8,デウス,4
8,安らぐ,2
8,特効,1
8,網目,1
8,章二,1
8,委任,1
8,イズム,1
8,奇怪,2
8,たいして,1
8,高澤,1
8,雲梯,1
8,流産,2
8,ロールアウト,1
8,乱れ,3
8,クロアチア,1
8,元夫,1
8,淋しい,1
8,絵美,1
8,あかつき,1
8,腹いっぱい,1
8,外村,2
8,大政,3
8,左前,1
8,里見,2
8,魚河岸,1
8,打合わせ,1
8,抱き合わせる,1
8,露天商,1
8,志雄,1
8,ダイハツ工業,1
8,生ける,1
8,活き活き,1
8,開院,1
8,岩太郎,1
8,和由,1
8,小分け,1
8,縛りつける,1
8,抽せん,2
8,雪氷,1
8,神聖,1
8,明け渡す,2
8,タペストリー,1
8,直輸入,1
8,光子,4
8,概況,1
8,熱演,1
8,昼前,1
8,古謝,1
8,名指す,1
8,雑炊,1
8,倹約,1
8,治せる,1
8,ウォン,1
8,切り裂く,1
8,かば焼き,1
8,宿願,1
8,懸垂,1
8,お宝,1
8,急造,1
8,父性,1
8,チャイニーズ,1
8,明大,1
8,温州,2
8,あつみ,1
8,おぼつかない,1
8,ミリタリー,2
8,羽佐間,1
8,荒事,1
8,壮烈,1
8,大槻,3
8,亡き,1
8,付け所,1
8,けん玉,1
8,若尾,1
8,鴻之舞,1
8,買い上げ,2
8,飯田橋,1
8,威信,1
8,ヨーク,1
8,稼業,2
8,開高,3
8,織り上げる,1
8,けんもほろろ,1
8,持ち寄り,1
8,外海,2
8,三洋電機,1
8,ルーメン,1
8,まじめさ,1
8,ようは,1
8,ホットケーキミックス,1
8,もつれる,1
8,毎日新聞社,1
8,清文,1
8,新生児,1
8,大沢,1
8,よこす,1
8,福島民報社,3
8,手綱さばき,1
8,牛後,1
8,豊島園,1
8,米ぬか,4
8,溝口,1
8,喜孝,1
8,あんが,1
8,岩手日報社,2
8,章夫,1
8,ドック,1
8,骨粗鬆症,2
8,銀紙,1
8,陰茎,1
8,青果,1
8,熊笹,1
8,よどみ,1
8,中休み,1
8,計れる,1
8,打合せる,1
8,小文字,1
8,かきたてる,2
8,ふっくら,1
8,生らす,1
8,エアー,2
8,特待,1
8,削ぎ落す,2
8,海竜,1
8,あわれむ,1
8,オペレータ,1
8,アルカリ,1
8,踏みはずす,1
8,リスキー,4
8,立役,1
8,奈緒子,1
8,諸塚山,1
8,諏訪湖,3
8,西麻布,2
8,ダイオード,3
8,ワシントン・ポスト,1
8,垂れ幕,1
8,編者,1
8,現実離れ,1
8,傾斜地,1
8,手塩,2
8,山路,2
8,萎える,1
8,プライムレート,1
8,外相,1
8,真名,2
8,一代,1
8,イシモチ,1
8,別人,2
8,ナマコ,1
8,行き違い,1
8,大病,2
8,倍速,1
8,措く,1
8,下人,1
8,声紋,3
8,めきめき,1
8,メルヘン,1
8,足首,1
8,娑婆,3
8,祐里,2
8,しゅうしゅう,1
8,これだけ,1
8,念入り,1
8,直宏,1
8,崩せる,1
8,苦楽,1
8,山里,1
8,西鶴,1
8,折原,1
8,お次,1
8,スーベニア,1
8,これこれ,1
8,アメニティー,1
8,遠州灘,1
8,見せ掛ける,1
8,とばす,1
8,昨春,1
8,鼓膜,1
8,分かれ道,1
8,克洋,2
8,鬱積,1
8,溜息,1
8,課税,1
8,神戸大学,1
8,時間切れ,1
8,あーあ,1
8,有紀子,2
8,中佐,1
8,天童,1
8,修飾,1
8,踏みつぶす,1
8,狭山,5
8,智広,1
8,かくれる,1
8,制動,4
8,相模原,1
8,通告,3
8,問い詰める,1
8,両刃,1
8,月下,1
8,立ち寄れる,1
8,貸せる,1
8,藤野,1
8,蹂躙,1
8,知恵袋,1
8,フェスティヴァル,1
8,産める,1
8,枯らす,1
8,アブダビ,1
8,多元的,1
8,アダルトビデオ,2
8,手技,1
8,外耳,1
8,廉価,2
8,改行,1
8,進呈,1
8,管制,1
8,佐々,1
8,豆乳,1
8,野放し,1
8,１０月,1
8,私費,1
8,カルフォルニア,1
8,美夫,1
8,線路,1
8,峡谷,1
8,ジャージー,1
8,日産,7
8,先だって,1
8,美佐子,1
8,東洋水産,1
8,新築,1
8,検針,1
8,早産,2
8,早生,1
8,歌丸,2
8,打撲,1
8,聞き分ける,1
8,不妊,3
8,婆ちゃん,1
8,雑言,2
8,酷い,1
8,相方,1
8,おひたし,1
8,哀調,1
8,小見出し,1
8,お産,1
8,週報,2
8,巨漢,1
8,カラト,1
8,早着,1
8,発病,1
8,ながせる,1
8,ナイロビ,1
8,ジャパニーズ,2
8,先着,5
8,若田,3
8,別れ道,1
8,真打,1
8,アンデパンダン,1
8,アポイント,1
8,断罪,1
8,茶殻,1
8,王冠,1
8,アフガン,1
8,上島,1
8,追悼,1
8,前売,1
8,遊び人,1
8,綱領,1
8,赤ひげ,1
8,刺客,3
8,見積る,1
8,ストリートパフォーマンス,1
8,数行,1
8,内燃,1
8,航跡,1
8,愛車,1
8,手間どる,1
8,皆目,1
8,橋爪,1
8,胃潰瘍,1
8,とっとと,1
8,冷汗,1
8,なまやさしい,1
8,下諏訪,1
8,幻惑,1
8,ポリティカル,1
8,おそい,3
8,えてして,1
8,引っかく,1
8,有段者,1
8,フェニックス,1
8,ひな祭り,3
8,高じる,2
8,勧,1
8,ファイブ,2
8,冨澤,1
8,抵当,1
8,見栄っ張り,1
8,放り出す,2
8,書き直せる,1
8,侘び,1
8,かずよ,1
8,荒海,7
8,勇人,1
8,射つ,1
8,おびる,1
8,みそ汁,1
8,コッペパン,5
8,過密,1
8,初舞台,1
8,おもい,1
8,図上,1
8,わっぱ,5
8,バット,1
8,速成,1
8,おませ,1
8,牛糞,1
8,立ちふさがる,1
8,切り出し,1
8,秋雨,1
8,正喜,1
8,近江,1
8,訳する,1
8,不振,2
8,為す,1
8,道徳的,1
8,童画,1
8,親ばか,1
8,貫之,1
8,爺さん,1
8,聖高原,1
8,入籍,2
8,貴一,1
8,へんてつ,1
8,ネイティブアメリカン,2
8,登美,1
8,弘和,1
8,冨田,2
8,便り,1
8,アンバー,3
8,おんぶ,1
8,ひと安心,1
8,諏訪,13
8,大越,2
8,わりに,1
8,郡上,3
8,わらび,1
8,性善説,1
8,効き目,1
8,願書,1
8,遷宮,1
8,電信柱,2
8,論評,2
8,中指,1
8,円筒,1
8,嘉手納,1
8,出来高,1
8,東和,1
8,はしる,1
8,粗削り,1
8,投げつける,1
8,ボーンマス,1
8,久慈,1
8,疾駆,1
8,彩乃,1
8,東京理科大,2
8,東商,1
8,貸切る,1
8,大道,3
8,府本,1
8,上棟,1
8,時代物,1
8,見直せる,1
8,アンコウ,1
8,キンキン,1
8,事始,3
8,はたく,2
8,本庁,1
8,囃子,1
8,剣持,1
8,買い占め,3
8,すりつぶす,1
8,崑,4
8,パリッ,1
8,フリーランサー,1
8,ペテン師,1
8,土偶,1
8,ケチャップ,1
8,石坂,2
8,輸出入,1
8,たなびく,1
8,撒く,2
8,五郎島,1
8,サラサラ,1
8,資力,2
8,篭島,1
8,入れ物,1
8,菜月,1
8,クロウ,1
8,のろい,1
8,賭事,1
8,与那城,1
8,掛売り,1
8,武川,1
8,よもやま話,1
8,下水,3
8,北信,1
8,利治,1
8,救える,1
8,歩幅,1
8,京大,1
8,日本テレビ放送網,1
8,積み木,1
8,職分,1
8,深遠,1
8,コロンボ,2
8,鈴なり,1
8,終わらせる,1
8,草笛,2
8,多難,1
8,こぼれ話,1
8,態,1
8,式年,1
8,浮き立つ,1
8,有村,3
8,平熱,1
8,不測,2
8,地勢,2
8,掘割,1
8,ヒラメ,2
8,地響き,1
8,花やしき,1
8,春菊,1
8,筋立て,1
8,圭史,2
8,ウェールズ,1
8,とがめる,1
8,空路,1
8,引当,2
8,拝,1
8,律儀,1
8,落後,1
8,新鋭,1
8,バースデー,1
8,林堂,1
8,夜食,1
8,死後,2
8,今夏,1
8,入行,1
8,年率,3
8,道楽,1
8,打算,2
8,税引き,1
8,塞ぐ,1
8,来し方,1
8,おーい,1
8,持ち寄れる,1
8,一片,2
8,洋々,1
8,操,2
8,卑下,1
8,オイスターソース,1
8,帆船,1
8,魚市場,4
8,閉まる,1
8,一献,1
8,ひかる,1
8,減退,1
8,誘い合う,1
8,アボカド,1
8,御免,1
8,ビルマ,1
8,今宵,1
8,シベリアンハスキー,2
8,昴,1
8,初産,1
8,通いつめる,1
8,北国,1
8,貞心,1
8,栄二,1
8,張り付く,1
8,杖,2
8,背任,1
8,オペレーションズ,1
8,富士見,1
8,小児科,1
8,架,1
8,仁平,1
8,走り高跳び,1
8,内裏,1
8,半夏生,2
8,宮下,1
8,鶏口,1
8,木遣り,1
8,桑,1
8,装填,1
8,暖簾,1
8,日野,4
8,おぼえる,1
8,公費,1
8,エイリアン,1
8,椀,2
8,くらぶ,1
8,折り込む,1
8,仁志,1
8,ハタハタ,1
8,風流,1
8,口添え,1
8,次点,1
8,からっきし,1
8,ゆらゆら,1
8,買い取り,1
8,宏史,1
8,大麦,2
8,橘,3
8,後塵,1
8,同心円,1
8,泌尿器,1
8,コブラ,2
8,万里子,1
8,トロッコ,1
8,アルベルト,1
8,献せん,1
8,白金,1
8,五月,1
8,初秋,1
8,ビール瓶,2
8,南口,1
8,体側,1
8,油揚げ,1
8,並木道,1
8,臭う,1
8,フラン,1
8,辞表,1
8,拠り所,1
8,令弟,1
8,芸風,1
8,シャーベット,3
8,浄,1
8,ぽかぽか,1
8,獰猛,1
8,ウインド,1
8,喜ばす,1
8,体勢,1
8,でかでか,1
8,序章,1
8,掘れる,1
8,南国,1
8,サンタフェ,1
8,暖色,1
8,延滞,1
8,値打ち,1
8,舞台劇,1
8,シャンゼリゼ,1
8,コンニャク,1
8,コンロ,1
8,ふさがる,1
8,あやかる,1
8,温顔,1
8,ベジタブル,2
8,潔,1
8,茅野,3
8,澄,1
8,落水,3
8,筋腫,1
8,火力,1
8,弘毅,1
8,降りしきる,1
8,板材,1
8,所詮,1
8,機転,3
8,カンフル,1
8,ばたつかせる,1
8,ブロンクス,1
8,ブラム,1
8,見晴らす,1
8,プロポーザル,1
8,千尋,1
8,ペナルティー,1
8,邦浩,2
8,桜井,1
8,フレンド,1
8,井深,1
8,木琴,2
8,北半球,1
8,理数,1
8,微小,1
8,カンデラ,1
8,ファシズム,1
8,農作業,2
8,宗室,2
8,指田,1
8,宝くじ,8
8,卑屈,1
8,ボックスオフィス,1
8,裏手,1
8,性交,1
8,伸宏,1
8,三枚目,2
8,劇画,1
8,そっちのけ,1
8,柳川,3
8,超克,1
8,こなし,1
8,取らせる,1
8,木皿,1
8,人民,1
8,長子,1
8,ラストスパート,1
8,声々,1
8,甥,2
8,弁理,1
8,急かす,1
8,畝,1
8,激流,1
8,売れ,1
8,県警,2
8,ご破算,1
8,シェーバー,1
8,果樹,1
8,永子,1
8,騎乗,2
8,チャップリン,1
8,大辞林,2
8,かぶりつく,1
8,わすれる,1
8,サーモ,1
8,紋別,1
8,土橋,2
8,満開,2
8,筈見,1
8,冷やし中華,1
8,羅生門,1
8,ドリアン,1
8,木の実,1
8,駒沢大学,2
8,征服,1
8,値切る,1
8,よそ行き,1
8,強火,1
8,崩し,1
8,サツマイモ,1
8,ウォーキング,1
8,ヒューマニズム,1
8,ヘレン,1
8,地権,1
8,卵巣,2
8,死産,2
8,終世,1
8,豆粒,1
8,邦画,1
8,荘重,2
8,ノートン,1
8,罵詈,2
8,キートン,1
8,チャーシュー,1
8,ねじ込む,1
8,二目,1
8,心憎い,1
8,メキメキ,1
8,幻覚,1
8,出走,1
8,日比谷公会堂,1
8,竃,1
8,ベーカー,1
8,村石,3
8,貨物,1
8,持ちきる,1
8,与野党,1
8,怒声,1
8,残留,1
8,弓矢,2
8,根尾,1
8,予防線,1
8,高田馬場,1
8,悪天候,1
8,戸隠,3
8,同上,2
8,話し言葉,1
8,沢口,1
8,厚生省,1
8,谷脇,1
8,一苦労,1
8,ディスクジョッキー,1
8,堀口,3
8,ホコリ,2
8,剣舞,1
8,仰々しい,1
8,恵三,1
8,アパルトヘイト,1
8,ひとり占め,1
8,合作,1
8,瀬木,1
8,血糖,5
8,粗,2
8,右前,1
8,素っ気,1
8,紗,2
8,ベーキングパウダー,1
8,草鞋,13
8,そわそわ,1
8,シンク,2
8,国男,1
8,小堀,1
8,逃走,1
8,江幡,1
8,小塚,6
8,加糖,1
8,迂闊,1
8,祝い酒,2
8,ジャイアンツ,1
8,音頭,2
8,ベール,1
8,石碑,1
8,足もと,1
8,衣笠,3
8,モンロー,1
8,ｎ,1
8,ｐ,1
8,｜,1
8,リニアモーターカー,1
8,単刀直入,1
8,翁,1
8,晩餐,1
8,ぐいっと,1
